yago,"http://yago-knowledge.org/resource/"
rdf,"http://www.w3.org/1999/02/22-rdf-syntax-ns#"
foaf,"http://xmlns.com/foaf/0.1/"
dbo,"http://dbpedia.org/ontology/"
dbp,"http://dbpedia.org/property/"
dc,"http://purl.org/dc/elements/1.1/"
owl,"http://www.w3.org/2002/07/owl#"
rdfs,"http://www.w3.org/2000/01/rdf-schema#"
ont,"http://purl.org/net/ns/ontology-annot#"
skos,"http://www.w3.org/2004/02/skos/core#"
geo,"http://www.w3.org/2003/01/geo/wgs84_pos#"
onto,"http://www.ontotext.com/"
rss,"http://purl.org/rss/1.0/"
gldp,"http://www.w3.org/ns/people#"
sioc,"http://rdfs.org/sioc/ns#"
fb,"http://rdf.freebase.com/ns/"
geonames,"http://www.geonames.org/ontology#"
sc,"http://purl.org/science/owl/sciencecommons/"
xsd,"http://www.w3.org/2001/XMLSchema#"
org,"http://www.w3.org/ns/org#"
gr,"http://purl.org/goodrelations/v1#"
qb,"http://purl.org/linked-data/cube#"
dcterms,"http://purl.org/dc/terms/"
commerce,"http://search.yahoo.com/searchmonkey/commerce/"
bibo,"http://purl.org/ontology/bibo/"
dct,"http://purl.org/dc/terms/"
prov,"http://www.w3.org/ns/prov#"
md,"http://www.w3.org/ns/md#"
dbpedia,"http://dbpedia.org/resource/"
sd,"http://www.w3.org/ns/sparql-service-description#"
dbpprop,"http://dbpedia.org/property/"
akt,"http://www.aktors.org/ontology/portal#"
void,"http://rdfs.org/ns/void#"
dcat,"http://www.w3.org/ns/dcat#"
swrc,"http://swrc.ontoware.org/ontology#"
vann,"http://purl.org/vocab/vann/"
pto,"http://www.productontology.org/id/"
vcard,"http://www.w3.org/2006/vcard/ns#"
dcmit,"http://purl.org/dc/dcmitype/"
content,"http://yousuck.ca/"
doap,"http://usefulinc.com/ns/doap#"
ex,"http://example.org/"
cyc,"http://sw.opencyc.org/concept/"
xhtml,"http://www.w3.org/1999/xhtml#"
aiiso,"http://purl.org/vocab/aiiso/schema#"
http,"http://www.w3.org/2011/http#"
wot,"http://xmlns.com/wot/0.1/"
cc,"http://creativecommons.org/ns#"
dc11,"http://purl.org/dc/elements/1.1/"
nie,"http://www.semanticdesktop.org/ontologies/2007/01/19/nie#"
gen,"http://www.w3.org/2006/gen/ont#"
mo,"http://purl.org/ontology/mo/"
bill,"http://www.rdfabout.com/rdf/schema/usbill/"
rel,"http://purl.org/vocab/relationship/"
test2,"http://this.invalid/test2#"
d2rq,"http://www.wiwiss.fu-berlin.de/suhl/bizer/D2RQ/0.1#"
event,"http://purl.org/NET/c4dm/event.owl#"
bio,"http://purl.org/vocab/bio/0.1/"
ad,"http://schemas.talis.com/2005/address/schema#"
cv,"http://rdfs.org/resume-rdf/"
rr,"http://www.w3.org/ns/r2rml#"
ical,"http://www.w3.org/2002/12/cal/ical#"
earl,"http://www.w3.org/ns/earl#"
admin,"http://webns.net/mvcb/"
swc,"http://data.semanticweb.org/ns/swc/ontology#"
og,"http://opengraphprotocol.org/schema/"
factbook,"http://wifo5-04.informatik.uni-mannheim.de/factbook/ns#"
air,"http://dig.csail.mit.edu/TAMI/2007/amord/air#"
fn,"http://www.w3.org/2005/xpath-functions#"
log,"http://www.w3.org/2000/10/swap/log#"
media,"http://purl.org/microformat/hmedia/"
book,"http://purl.org/NET/book/vocab#"
daia,"http://purl.org/ontology/daia/"
co,"http://rhizomik.net/ontologies/copyrightonto.owl#"
tag,"http://www.holygoat.co.uk/owl/redwood/0.1/tags/"
ctag,"http://commontag.org/ns#"
ma,"http://www.w3.org/ns/ma-ont#"
botany,"http://purl.org/NET/biol/botany#"
dbr,"http://dbpedia.org/resource/"
days,"http://ontologi.es/days#"
dv,"http://rdf.data-vocabulary.org/#"
biblio,"http://purl.org/net/biblio#"
musim,"http://purl.org/ontology/similarity/"
dir,"http://schemas.talis.com/2005/dir/schema#"
oo,"http://purl.org/openorg/"
osag,"http://www.ordnancesurvey.co.uk/ontology/AdministrativeGeography/v2.0/AdministrativeGeography.rdf#"
dcq,"http://purl.org/dc/qualifiers/1.0/"
cs,"http://purl.org/vocab/changeset/schema#"
ome,"http://purl.org/ontomedia/core/expression#"
tzont,"http://www.w3.org/2006/timezone#"
afn,"http://jena.hpl.hp.com/ARQ/function#"
af,"http://purl.org/ontology/af/"
pc,"http://purl.org/procurement/public-contracts#"
cld,"http://purl.org/cld/terms/"
cal,"http://www.w3.org/2002/12/cal/ical#"
rdfg,"http://www.w3.org/2004/03/trix/rdfg-1/"
ir,"http://www.ontologydesignpatterns.org/cp/owl/informationrealization.owl#"
reco,"http://purl.org/reco#"
xhv,"http://www.w3.org/1999/xhtml/vocab#"
rev,"http://purl.org/stuff/rev#"
schema,"http://schema.org/"
rif,"http://www.w3.org/2007/rif#"
xs,"http://www.w3.org/2001/XMLSchema#"
xfn,"http://gmpg.org/xfn/11#"
sr,"http://www.openrdf.org/config/repository/sail#"
memo,"http://ontologies.smile.deri.ie/2009/02/27/memo#"
cmp,"http://www.ontologydesignpatterns.org/cp/owl/componency.owl#"
cfp,"http://sw.deri.org/2005/08/conf/cfp.owl#"
giving,"http://ontologi.es/giving#"
ok,"http://okkam.org/terms#"
xf,"http://www.w3.org/2002/xforms/"
sism,"http://purl.oclc.org/NET/sism/0.1/"
lomvoc,"http://ltsc.ieee.org/rdf/lomv1p0/vocabulary#"
type,"http://info.deepcarbon.net/schema/type#"
swande,"http://purl.org/swan/1.2/discourse-elements/"
math,"http://www.w3.org/2000/10/swap/math#"
swanq,"http://purl.org/swan/1.2/qualifiers/"
mu,"http://www.kanzaki.com/ns/music#"
dcn,"http://www.w3.org/2007/uwa/context/deliverycontext.owl#"
myspace,"http://purl.org/ontology/myspace#"
owlim,"http://www.ontotext.com/trree/owlim#"
jdbc,"http://d2rq.org/terms/jdbc/"
con,"http://www.w3.org/2000/10/swap/pim/contact#"
time,"http://www.w3.org/2006/time#"
swrcfe,"http://www.morelab.deusto.es/ontologies/swrcfe#"
drugbank,"http://www4.wiwiss.fu-berlin.de/drugbank/resource/drugbank/"
vs,"http://www.w3.org/2003/06/sw-vocab-status/ns#"
frbr,"http://purl.org/vocab/frbr/core#"
spacerel,"http://data.ordnancesurvey.co.uk/ontology/spatialrelations/"
voaf,"http://purl.org/vocommons/voaf#"
cert,"http://www.w3.org/ns/auth/cert#"
ac,"http://umbel.org/umbel/ac/"
nfo,"http://www.semanticdesktop.org/ontologies/2007/03/22/nfo#"
sider,"http://www4.wiwiss.fu-berlin.de/sider/resource/sider/"
wn20schema,"http://www.w3.org/2006/03/wn/wn20/schema/"
marcrel,"http://id.loc.gov/vocabulary/relators/"
cnt,"http://www.w3.org/2011/content#"
sioct,"http://rdfs.org/sioc/types#"
movie,"http://data.linkedmdb.org/resource/movie/"
rsa,"http://www.w3.org/ns/auth/rsa#"
adms,"http://www.w3.org/ns/adms#"
ov,"http://open.vocab.org/terms/"
xtypes,"http://purl.org/xtypes/"
akts,"http://www.aktors.org/ontology/support#"
omn,"http://open-multinet.info/ontology/omn#"
service,"http://purl.org/ontology/service#"
dcterm,"http://purl.org/dc/terms/"
lgd,"http://linkedgeodata.org/triplify/"
db,"http://dbpedia.org/"
loc,"http://www.w3.org/2007/uwa/context/location.owl#"
acm,"http://www.rkbexplorer.com/ontologies/acm#"
prv,"http://purl.org/net/provenance/ns#"
gn,"http://www.geonames.org/ontology#"
po,"http://purl.org/ontology/po/"
isbd,"http://iflastandards.info/ns/isbd/elements/"
test,"http://test2.example.com/"
uniprot,"http://purl.uniprot.org/core/"
crm,"http://www.cidoc-crm.org/cidoc-crm/"
swrl,"http://www.w3.org/2003/11/swrl#"
wn,"http://xmlns.com/wordnet/1.6/"
ore,"http://www.openarchives.org/ore/terms/"
prism,"http://prismstandard.org/namespaces/basic/2.0/"
oa,"http://www.w3.org/ns/oa#"
sdmx,"http://purl.org/linked-data/sdmx#"
music,"http://musicontology.com/"
link,"http://www.w3.org/2006/link#"
acc,"http://purl.org/NET/acc#"
zoology,"http://purl.org/NET/biol/zoology#"
pmlj,"http://inference-web.org/2.0/pml-justification.owl#"
daml,"http://www.daml.org/2001/03/daml+oil#"
granatum,"http://chem.deri.ie/granatum/"
dcam,"http://purl.org/dc/dcam/"
ndl,"http://schemas.ogf.org/nml/2013/05/base#"
madsrdf,"http://www.loc.gov/mads/rdf/v1#"
tl,"http://purl.org/NET/c4dm/timeline.owl#"
pr,"http://purl.org/ontology/prv/core#"
wo,"http://purl.org/ontology/wo/"
umbel,"http://umbel.org/umbel#"
ptr,"http://www.w3.org/2009/pointers#"
tmo,"http://www.semanticdesktop.org/ontologies/2008/05/20/tmo#"
biocore,"http://bio2rdf.org/core#"
acl,"http://www.w3.org/ns/auth/acl#"
ldp,"http://www.w3.org/ns/ldp#"
lode,"http://linkedevents.org/ontology/"
abc,"http://www.metadata.net/harmony/ABCSchemaV5Commented.rdf#"
scovo,"http://purl.org/NET/scovo#"
swrlb,"http://www.w3.org/2003/11/swrlb#"
taxo,"http://purl.org/rss/1.0/modules/taxonomy/"
nsogi,"http://prefix.cc/nsogi:"
java,"http://www.w3.org/2007/uwa/context/java.owl#"
unit,"http://qudt.org/vocab/unit#"
dbpediaowl,"http://dbpedia.org/owl/"
bio2rdf,"http://bio2rdf.org/"
whois,"http://www.kanzaki.com/ns/whois#"
core,"http://vivoweb.org/ontology/core#"
politico,"http://www.rdfabout.com/rdf/schema/politico/"
ya,"http://blogs.yandex.ru/schema/foaf/"
protege,"http://protege.stanford.edu/system#"
omt,"http://purl.org/ontomedia/ext/common/trait#"
wdrs,"http://www.w3.org/2007/05/powder-s#"
compass,"http://purl.org/net/compass#"
skosxl,"http://www.w3.org/2008/05/skos-xl#"
mit,"http://purl.org/ontology/mo/mit#"
atom,"http://www.w3.org/2005/Atom/"
scot,"http://rdfs.org/scot/ns#"
room,"http://vocab.deri.ie/rooms#"
oauth,"http://demiblog.org/vocab/oauth#"
fresnel,"http://www.w3.org/2004/09/fresnel#"
exif,"http://www.w3.org/2003/12/exif/ns#"
usgov,"http://www.rdfabout.com/rdf/schema/usgovt/"
sp,"http://spinrdf.org/sp#"
eg,"http://eulergui.sourceforge.net/engine.owl#"
irw,"http://www.ontologydesignpatterns.org/ont/web/irw.owl#"
user,"http://schemas.talis.com/2005/user/schema#"
ti,"http://www.ontologydesignpatterns.org/cp/owl/timeinterval.owl#"
resource,"http://purl.org/vocab/resourcelist/schema#"
rnews,"http://iptc.org/std/rNews/2011-10-07#"
chord,"http://purl.org/ontology/chord/"
bf,"http://bibframe.org/vocab/"
omb,"http://purl.org/ontomedia/ext/common/being#"
nao,"http://www.semanticdesktop.org/ontologies/2007/08/15/nao#"
rec,"http://purl.org/ontology/rec/core#"
courseware,"http://courseware.rkbexplorer.com/ontologies/courseware#"
doc,"http://www.w3.org/2000/10/swap/pim/doc#"
formats,"http://www.w3.org/ns/formats/"
so,"http://purl.org/ontology/symbolic-music/"
spin,"http://spinrdf.org/spin#"
rep,"http://www.openrdf.org/config/repository#"
bibtex,"http://purl.oclc.org/NET/nknouf/ns/bibtex#"
lfm,"http://purl.org/ontology/last-fm/"
geoes,"http://geo.linkeddata.es/ontology/"
lv,"http://purl.org/lobid/lv#"
sede,"http://eventography.org/sede/0.1/"
irrl,"http://www.ontologydesignpatterns.org/cp/owl/informationobjectsandrepresentationlanguages.owl#"
spl,"http://spinrdf.org/spl#"
dctype,"http://purl.org/dc/dcmitype/"
powder,"http://www.w3.org/2007/05/powder#"
nco,"http://www.semanticdesktop.org/ontologies/2007/03/22/nco#"
dce,"http://purl.org/dc/elements/1.1/"
vote,"http://www.rdfabout.com/rdf/schema/vote/"
atomix,"http://buzzword.org.uk/rdf/atomix#"
iswc,"http://annotation.semanticweb.org/2004/iswc#"
rei,"http://www.w3.org/2004/06/rei#"
fec,"http://www.rdfabout.com/rdf/schema/usfec/"
admingeo,"http://data.ordnancesurvey.co.uk/ontology/admingeo/"
doac,"http://ramonantonio.net/doac/0.1/#"
audio,"http://purl.org/media/audio#"
lx,"http://purl.org/NET/lx#"
lingvoj,"http://www.lingvoj.org/ontology#"
go,"http://purl.org/obo/owl/GO#"
dailymed,"http://www4.wiwiss.fu-berlin.de/dailymed/resource/dailymed/"
wordmap,"http://purl.org/net/ns/wordmap#"
label,"http://purl.org/net/vocab/2004/03/label#"
hcterms,"http://purl.org/uF/hCard/terms/"
nrl,"http://www.semanticdesktop.org/ontologies/2007/08/15/nrl#"
ecs,"http://rdf.ecs.soton.ac.uk/ontology/ecs#"
kb,"http://deductions.sf.net/ontology/knowledge_base.owl#"
resex,"http://resex.rkbexplorer.com/ontologies/resex#"
imm,"http://schemas.microsoft.com/imm/"
biol,"http://purl.org/NET/biol/ns#"
affy,"http://www.affymetrix.com/community/publications/affymetrix/tmsplice#"
spc,"http://purl.org/ontomedia/core/space#"
lastfm,"http://purl.org/ontology/last-fm/"
xen,"http://buzzword.org.uk/rdf/xen#"
opm,"http://openprovenance.org/ontology#"
dul,"http://www.loa-cnr.it/ontologies/DUL.owl#"
coref,"http://www.rkbexplorer.com/ontologies/coref#"
wgs84,"http://www.w3.org/2003/01/geo/wgs84_pos#"
moat,"http://moat-project.org/ns#"
copyright,"http://rhizomik.net/ontologies/copyrightonto.owl#"
os,"http://www.w3.org/2000/10/swap/os#"
code,"http://telegraphis.net/ontology/measurement/code#"
dblp,"http://dblp.uni-trier.de/rdf/schema-2015-01-26#"
prj,"http://purl.org/stuff/project/"
kwijibo,"http://kwijibo.talis.com/"
omp,"http://purl.org/ontomedia/ext/common/profession#"
video,"http://purl.org/media/video#"
pmlp,"http://inference-web.org/2.0/pml-provenance.owl#"
nexif,"http://www.semanticdesktop.org/ontologies/2007/05/10/nexif#"
ne,"http://umbel.org/umbel/ne/"
lfn,"http://www.dotnetrdf.org/leviathan#"
lifecycle,"http://purl.org/vocab/lifecycle/schema#"
sail,"http://www.openrdf.org/config/sail#"
sesame,"http://www.openrdf.org/schema/sesame#"
xro,"http://purl.org/xro/ns#"
ibis,"http://purl.org/ibis#"
contact,"http://www.w3.org/2000/10/swap/pim/contact#"
meetup,"http://www.lotico.com/meetup/"
resist,"http://www.rkbexplorer.com/ontologies/resist#"
gd,"http://rdf.data-vocabulary.org/#"
sit,"http://www.ontologydesignpatterns.org/cp/owl/situation.owl#"
lotico,"http://www.lotico.com/resource/"
p3p,"http://www.w3.org/2002/01/p3prdfv1#"
opensearch,"http://a9.com/-/spec/opensearch/1.1/"
ncal,"http://www.semanticdesktop.org/ontologies/2007/04/02/ncal#"
space,"http://purl.org/net/schemas/space/"
nmo,"http://www.semanticdesktop.org/ontologies/2007/03/22/nmo#"
climb,"http://climb.dataincubator.org/vocabs/climb/"
omc,"http://purl.org/ontomedia/ext/common/bestiary#"
doclist,"http://www.junkwork.net/xml/DocumentList#"
meta,"http://www.openrdf.org/rdf/2009/metadata#"
wv,"http://vocab.org/waiver/terms/"
sdl,"http://purl.org/vocab/riro/sdl#"
swandr,"http://purl.org/swan/1.2/discourse-relationships/"
tags,"http://www.holygoat.co.uk/owl/redwood/0.1/tags/"
h5,"http://buzzword.org.uk/rdf/h5#"
meteo,"http://purl.org/ns/meteo#"
money,"http://purl.org/net/rdf-money/"
lang,"http://ontologi.es/lang/core#"
eztag,"http://ontologies.ezweb.morfeo-project.org/eztag/ns#"
ddc,"http://purl.org/NET/decimalised#"
es,"http://eulersharp.sourceforge.net/2003/03swap/log-rules#"
hlisting,"http://sindice.com/hlisting/0.1/"
swanqs,"http://purl.org/swan/1.2/qualifiers/"
myspo,"http://purl.org/ontology/myspace#"
airport,"http://www.daml.org/2001/10/html/airport-ont#"
cito,"http://purl.org/spar/cito/"
prissma,"http://ns.inria.fr/prissma/v1#"
hard,"http://www.w3.org/2007/uwa/context/hardware.owl#"
grddl,"http://www.w3.org/2003/g/data-view#"
lom,"http://ltsc.ieee.org/rdf/lomv1p0/lom#"
wnschema,"http://www.cogsci.princeton.edu/~wn/schema/"
xhe,"http://buzzword.org.uk/rdf/xhtml-elements#"
c4n,"http://vocab.deri.ie/c4n#"
ngeo,"http://geovocab.org/geometry#"
phss,"http://ns.poundhill.com/phss/1.0/"
custom,"http://www.openrdf.org/config/sail/custom#"
trackback,"http://madskills.com/public/xml/rss/module/trackback/"
tdb,"http://jena.hpl.hp.com/2008/tdb#"
fabio,"http://purl.org/spar/fabio/"
ddl,"http://purl.org/vocab/riro/ddl#"
sv,"http://schemas.talis.com/2005/service/schema#"
ire,"http://www.ontologydesignpatterns.org/cpont/ire.owl#"
sparql,"http://ontologi.es/sparql#"
net,"http://www.w3.org/2007/uwa/context/network.owl#"
swp,"http://www.w3.org/2004/03/trix/swp-2/"
dcmitype,"http://purl.org/dc/dcmitype/"
bsbm,"http://www4.wiwiss.fu-berlin.de/bizer/bsbm/v01/vocabulary/"
gpt,"http://purl.org/vocab/riro/gpt#"
sim,"http://purl.org/ontology/similarity/"
gold,"http://purl.org/linguistics/gold/"
wdr,"http://www.w3.org/2007/05/powder#"
ping,"http://purl.org/net/pingback/"
product,"http://purl.org/commerce/product#"
web,"http://www.w3.org/2007/uwa/context/web.owl#"
pmlr,"http://inference-web.org/2.0/pml-relation.owl#"
rdfa,"http://www.w3.org/ns/rdfa#"
smiley,"http://www.smileyontology.com/ns#"
ssn,"http://purl.oclc.org/NET/ssnx/ssn#"
cco,"http://purl.org/ontology/cco/core#"
umbelrc,"http://umbel.org/umbel/rc/"
list,"http://www.w3.org/2000/10/swap/list#"
qdoslf,"http://foaf.qdos.com/lastfm/schema/"
omm,"http://purl.org/ontomedia/core/media#"
fed,"http://www.openrdf.org/config/sail/federation#"
b2bo,"http://purl.org/b2bo#"
osgb,"http://data.ordnancesurvey.co.uk/id/"
sec,"https://w3id.org/security#"
mysql,"http://web-semantics.org/ns/mysql/"
like,"http://ontologi.es/like#"
scv,"http://purl.org/NET/scovo#"
mf,"http://www.w3.org/2001/sw/DataAccess/tests/test-manifest#"
dbprop,"http://dbpedia.org/property/"
smf,"http://topbraid.org/sparqlmotionfunctions#"
frbre,"http://purl.org/vocab/frbr/extended#"
food,"http://purl.org/foodontology#"
obj,"http://www.openrdf.org/rdf/2009/object#"
sml,"http://topbraid.org/sparqlmotionlib#"
tripfs,"http://purl.org/tripfs/2010/02#"
cycann,"http://sw.cyc.com/CycAnnotations_v1#"
lt,"http://diplomski.nelakolundzija.org/LTontology.rdf#"
nid3,"http://www.semanticdesktop.org/ontologies/2007/05/10/nid3#"
common,"http://www.w3.org/2007/uwa/context/common.owl#"
am,"http://vocab.deri.ie/am#"
osoc,"http://web-semantics.org/ns/opensocial#"
opo,"http://online-presence.net/opo/ns#"
xforms,"http://www.w3.org/2002/xforms/"
lyou,"http://purl.org/linkingyou/"
pmt,"http://tipsy.googlecode.com/svn/trunk/vocab/pmt#"
gob,"http://purl.org/ontology/last-fm/"
xl,"http://langegger.at/xlwrap/vocab#"
swivt,"http://semantic-mediawiki.org/swivt/1.0#"
tio,"http://purl.org/tio/ns#"
profiling,"http://ontologi.es/profiling#"
bib,"http://zeitkunst.org/bibtex/0.1/bibtex.owl#"
puc,"http://purl.org/NET/puc#"
oat,"http://openlinksw.com/schemas/oat/"
swh,"http://plugin.org.uk/swh-plugins/"
oc,"http://opencoinage.org/rdf/"
states,"http://www.w3.org/2005/07/aaa#"
ezcontext,"http://ontologies.ezweb.morfeo-project.org/ezcontext/ns#"
string,"http://www.w3.org/2000/10/swap/string#"
wgs,"http://www.w3.org/2003/01/geo/wgs84_pos#"
awol,"http://bblfish.net/work/atom-owl/2006-06-06/#"
crypto,"http://www.w3.org/2000/10/swap/crypto#"
ttl,"http://www.w3.org/2008/turtle#"
imreg,"http://www.w3.org/2004/02/image-regions#"
conv,"http://purl.org/twc/vocab/conversion/"
ao,"http://purl.org/ontology/ao/core#"
ro,"http://purl.org/wf4ever/ro#"
psych,"http://purl.org/vocab/psychometric-profile/"
dady,"http://purl.org/NET/dady#"
ps,"https://w3id.org/payswarm#"
swanco,"http://purl.org/swan/1.2/swan-commons/"
dummy,"http://hello.com/"
push,"http://www.w3.org/2007/uwa/context/push.owl#"
library,"http://purl.org/library/"
swanag,"http://purl.org/swan/1.2/agents/"
edm,"http://www.europeana.eu/schemas/edm/"
okkam,"http://models.okkam.org/ENS-core-vocabulary#"
geographis,"http://telegraphis.net/ontology/geography/geography#"
conserv,"http://conserv.deri.ie/ontology#"
sawsdl,"http://www.w3.org/ns/sawsdl#"
nif,"http://persistence.uni-leipzig.org/nlp2rdf/ontologies/nif-core#"
aifb,"http://www.aifb.kit.edu/id/"
urn,"http://fliqz.com/"
coin,"http://purl.org/court/def/2009/coin#"
evset,"http://dsnotify.org/vocab/eventset/0.1/"
ldap,"http://purl.org/net/ldap/"
swanpav,"http://purl.org/swan/1.2/pav/"
ct,"http://data.linkedct.org/resource/linkedct/"
soft,"http://www.w3.org/2007/uwa/context/software.owl#"
wisski,"http://wiss-ki.eu/"
site,"http://ns.ontowiki.net/SysOnt/Site/"
timeline,"http://purl.org/NET/c4dm/timeline.owl#"
isi,"http://purl.org/ontology/is/inst/"
postcode,"http://data.ordnancesurvey.co.uk/id/postcodeunit/"
xhtmlvocab,"http://www.w3.org/1999/xhtml/vocab/"
acco,"http://purl.org/acco/ns#"
rooms,"http://vocab.deri.ie/rooms#"
dbpp,"http://dbpedia.org/property/"
game,"http://data.totl.net/game/"
sport,"http://www.bbc.co.uk/ontologies/sport/"
pimo,"http://www.semanticdesktop.org/ontologies/2007/11/01/pimo#"
plink,"http://buzzword.org.uk/rdf/personal-link-types#"
play,"http://uriplay.org/spec/ontology/#"
swid,"http://semanticweb.org/id/"
bookmark,"http://www.w3.org/2002/01/bookmark#"
sm,"http://topbraid.org/sparqlmotion#"
freebase,"http://rdf.freebase.com/ns/"
txn,"http://lod.taxonconcept.org/ontology/txn.owl#"
swanci,"http://purl.org/swan/1.2/citations/"
evopat,"http://ns.aksw.org/Evolution/"
ref,"http://purl.org/vocab/relationship/"
wairole,"http://www.w3.org/2005/01/wai-rdf/GUIRoleTaxonomy#"
sysont,"http://ns.ontowiki.net/SysOnt/"
xesam,"http://freedesktop.org/standards/xesam/1.0/core#"
lark1,"http://users.utcluj.ro/~raluca/ontology/Ontology1279614123500.owl#"
olo,"http://purl.org/ontology/olo/core#"
uri,"http://purl.org/NET/uri#"
httph,"http://www.w3.org/2007/ont/httph#"
muto,"http://purl.org/muto/core#"
opus,"http://lsdis.cs.uga.edu/projects/semdis/opus#"
rulz,"http://purl.org/NET/rulz#"
isq,"http://purl.org/ontology/is/quality/"
gml,"http://www.opengis.net/ont/gml#"
geospecies,"http://rdf.geospecies.org/ont/geospecies#"
anca,"http://users.utcluj.ro/~raluca/rdf_ontologies_ralu/ralu_modified_ontology_pizzas2_0#"
pgterms,"http://www.gutenberg.org/2009/pgterms/"
yoda,"http://purl.org/NET/yoda#"
remus,"http://www.semanticweb.org/ontologies/2010/6/Ontology1279614123500.owl#"
ist,"http://purl.org/ontology/is/types/"
icaltzd,"http://www.w3.org/2002/12/cal/icaltzd#"
sl,"http://www.semanlink.net/2001/00/semanlink-schema#"
sio,"http://semanticscience.org/resource/"
sioca,"http://rdfs.org/sioc/actions#"
linkedct,"http://data.linkedct.org/vocab/"
cpv,"http://purl.org/weso/cpv/"
lvont,"http://lexvo.org/ontology#"
act,"http://www.w3.org/2007/rif-builtin-action#"
dayta,"http://dayta.me/resource#"
lemon,"http://lemon-model.net/lemon#"
georss,"http://www.georss.org/georss/"
conversion,"http://purl.org/twc/vocab/conversion/"
places,"http://purl.org/ontology/places#"
status,"http://ontologi.es/status#"
derecho,"http://purl.org/derecho#"
interval,"http://reference.data.gov.uk/def/intervals/"
w3p,"http://prov4j.org/w3p/"
pobo,"http://purl.obolibrary.org/obo/"
opmv,"http://purl.org/net/opmv/ns#"
xbrli,"http://www.xbrl.org/2003/instance#"
eprints,"http://eprints.org/ontology/"
oboro,"http://obofoundry.org/ro/ro.owl#"
prvtypes,"http://purl.org/net/provenance/types#"
lgdo,"http://linkedgeodata.org/ontology/"
pdo,"http://ontologies.smile.deri.ie/pdo#"
drug,"http://www.agfa.com/w3c/2009/drugTherapy#"
wlp,"http://weblab-project.org/core/model/property/processing/"
eu,"http://eulersharp.sourceforge.net/2003/03swap/log-rules#"
biopax,"http://www.biopax.org/release/biopax-level3.owl#"
search,"http://sindice.com/vocab/search#"
muo,"http://purl.oclc.org/NET/muo/muo#"
rdagr1,"http://rdvocab.info/Elements/"
ui,"http://www.w3.org/ns/ui#"
prot,"http://www.proteinontology.info/po.owl#"
dnr,"http://www.dotnetrdf.org/configuration#"
pmlt,"http://inference-web.org/2.0/pml-trust.owl#"
tarot,"http://data.totl.net/tarot/card/"
gnd,"http://d-nb.info/gnd/"
httpvoc,"http://www.w3.org/2006/http#"
ean,"http://openean.kaufkauf.net/id/"
nsa,"http://multimedialab.elis.ugent.be/organon/ontologies/ninsuna#"
phil,"http://philosurfical.open.ac.uk/ontology/philosurfical.owl#"
gridworks,"http://purl.org/net/opmv/types/gridworks#"
lp,"http://launchpad.net/rdf/launchpad#"
nt,"http://ns.inria.fr/nicetag/2010/09/09/voc#"
loticoowl,"http://www.lotico.com/ontology/"
agents,"http://eulersharp.sourceforge.net/2003/03swap/agent#"
dgfoaf,"http://west.uni-koblenz.de/ontologies/2010/07/dgfoaf.owl#"
organism,"http://eulersharp.sourceforge.net/2003/03swap/organism#"
wgspos,"http://www.w3.org/2003/01/geo/wgs84_pos#"
posh,"http://poshrdf.org/ns/posh/"
vsr,"http://purl.org/twc/vocab/vsr#"
languages,"http://eulersharp.sourceforge.net/2003/03swap/languages#"
organiz,"http://eulersharp.sourceforge.net/2003/03swap/organization#"
session,"http://redfoot.net/2005/session#"
gv,"http://rdf.data-vocabulary.org/#"
pbo,"http://purl.org/ontology/pbo/core#"
arch,"http://purl.org/archival/vocab/arch#"
res,"http://www.w3.org/2005/sparql-results#"
dbnary,"http://kaiko.getalp.org/dbnary#"
zbwext,"http://zbw.eu/namespaces/zbw-extensions/"
is,"http://purl.org/ontology/is/core#"
r2r,"http://www4.wiwiss.fu-berlin.de/bizer/r2r/"
healthcare,"http://www.agfa.com/w3c/2009/healthCare#"
enc,"http://www.w3.org/2001/04/xmlenc#"
ufmedia,"http://purl.org/microformat/hmedia/"
cos,"http://www.inria.fr/acacia/corese#"
s4ac,"http://ns.inria.fr/s4ac/v2#"
countries,"http://eulersharp.sourceforge.net/2003/03swap/countries#"
xfnv,"http://vocab.sindice.com/xfn#"
rail,"http://ontologi.es/rail/vocab#"
sindice,"http://vocab.sindice.net/"
address,"http://schemas.talis.com/2005/address/schema#"
sco,"http://purl.org/ontology/sco#"
gso,"http://www.w3.org/2006/gen/ont#"
webtlab,"http://webtlab.it.uc3m.es/"
arpfo,"http://vocab.ouls.ox.ac.uk/projectfunding#"
human,"http://eulersharp.sourceforge.net/2003/03swap/human#"
aat,"http://vocab.getty.edu/aat/"
cdm,"http://purl.org/twc/ontology/cdm.owl#"
dwc,"http://rs.tdwg.org/dwc/terms/"
protons,"http://proton.semanticweb.org/2005/04/protons#"
qudt,"http://qudt.org/1.1/schema/qudt#"
req,"http://purl.org/req/"
fab,"http://purl.org/fab/ns#"
rdrel,"http://rdvocab.info/RDARelationshipsWEMI/"
bif,"http://www.openlinksw.com/schemas/bif#"
agetec,"http://www.agetec.org/"
wordnet,"http://purl.org/vocabularies/princeton/wordnet/schema#"
geodata,"http://sws.geonames.org/"
cgov,"http://reference.data.gov.uk/def/central-government/"
dso,"http://purl.org/ontology/dso#"
nocal,"http://vocab.deri.ie/nocal#"
payment,"http://reference.data.gov.uk/def/payment#"
govwild,"http://govwild.org/0.6/GWOntology.rdf/"
rov,"http://www.w3.org/ns/regorg#"
npg,"http://ns.nature.com/terms/"
c4o,"http://purl.org/spar/c4o/"
metalex,"http://www.metalex.eu/schema/1.0#"
linkedmdb,"http://data.linkedmdb.org/sparql/"
xsl,"http://www.w3.org/1999/XSL/Transform#"
apivc,"http://purl.org/linked-data/api/vocab#"
opwn,"http://www.ontologyportal.org/WordNet.owl#"
events,"http://eulersharp.sourceforge.net/2003/03swap/event#"
com,"http://purl.org/commerce#"
quak,"http://dev.w3.org/cvsweb/2000/quacken/vocab#"
genab,"http://eulersharp.sourceforge.net/2003/03swap/genomeAbnormality#"
person,"http://www.w3.org/ns/person#"
card,"http://www.ashutosh.com/test/"
openlinks,"http://www.openlinksw.com/schemas/virtrdf#"
bte,"http://purl.org/twc/vocab/between-the-edges/"
vso,"http://purl.org/vso/ns#"
provenir,"http://knoesis.wright.edu/provenir/provenir.owl#"
cidoc,"http://erlangen-crm.org/current/"
vitro,"http://vitro.mannlib.cornell.edu/ns/vitro/public#"
care,"http://eulersharp.sourceforge.net/2003/03swap/care#"
bioskos,"http://eulersharp.sourceforge.net/2003/03swap/bioSKOSSchemes#"
aair,"http://xmlns.notu.be/aair#"
disco,"http://rdf-vocabulary.ddialliance.org/discovery#"
ass,"http://uptheasset.org/ontology#"
odp,"http://ontologydesignpatterns.org/"
pml,"http://provenanceweb.org/ns/pml#"
esd,"http://def.esd.org.uk/"
nndsr,"http://semanticdiet.com/schema/usda/nndsr/"
elog,"http://eulersharp.sourceforge.net/2003/03swap/log-rules#"
ceo,"http://www.ebusiness-unibw.org/ontologies/consumerelectronics/v1#"
mygrid,"http://www.mygrid.org.uk/ontology#"
idemo,"http://rdf.insee.fr/def/demo#"
gsp,"http://www.opengis.net/ont/geosparql#"
humanbody,"http://eulersharp.sourceforge.net/2003/03swap/humanBody#"
datafaqs,"http://purl.org/twc/vocab/datafaqs#"
kontakt,"http://richard.cyganiak.de/"
obo,"http://purl.obolibrary.org/obo/"
name,"http://example.org/name#"
hemogram,"http://www.agfa.com/w3c/2009/hemogram#"
eat,"http://www.awesomesauce.net/urmom/"
hospital,"http://www.agfa.com/w3c/2009/hospital#"
ocd,"http://dati.camera.it/ocd/"
hydra,"http://www.w3.org/ns/hydra/core#"
dita,"http://purl.org/dita/ns#"
toby,"http://tobyinkster.co.uk/#"
cube,"http://purl.org/linked-data/cube#"
decl,"http://www.linkedmodel.org/1.0/schema/decl#"
edam,"http://purl.bioontology.org/ontology/EDAM/"
uni,"http://purl.org/weso/uni/uni.html#"
dgtwc,"http://data-gov.tw.rpi.edu/2009/data-gov-twc.rdf#"
ccom,"http://purl.org/ontology/cco/mappings#"
xds,"http://www.w3.org/2001/XMLSchema#"
clineva,"http://www.agfa.com/w3c/2009/clinicalEvaluation#"
marl,"http://www.gsi.dit.upm.es/ontologies/marl/ns#"
oboso,"http://purl.org/obo/owl/SO#"
agent,"http://eulersharp.sourceforge.net/2003/03swap/agent#"
malignneo,"http://www.agfa.com/w3c/2009/malignantNeoplasm#"
dco,"http://info.deepcarbon.net/schema#"
tei,"http://www.tei-c.org/ns/1.0/"
itsrdf,"http://www.w3.org/2005/11/its/rdf#"
commons,"http://commons.psi.enakting.org/def/"
gc,"http://www.oegov.org/core/owl/gc#"
cordis,"http://www4.wiwiss.fu-berlin.de/cordis/resource/cordis/"
cidoccrm,"http://purl.org/NET/cidoc-crm/core#"
pro,"http://purl.org/hpi/patchr#"
voag,"http://voag.linkedmodel.org/schema/voag#"
zem,"http://s.zemanta.com/ns#"
wao,"http://webtlab.it.uc3m.es/2010/10/WebAppsOntology#"
skip,"http://skipforward.net/skipforward/resource/"
cmo,"http://purl.org/twc/ontologies/cmo.owl#"
units,"http://eulersharp.sourceforge.net/2003/03swap/unitsExtension#"
gelo,"http://krauthammerlab.med.yale.edu/ontologies/gelo#"
hartigprov,"http://purl.org/net/provenance/ns#"
fowl,"http://www.w3.org/TR/2003/PR-owl-guide-20031209/food#"
muni,"http://vocab.linkeddata.es/urbanismo-infraestructuras/territorio#"
ero,"http://purl.obolibrary.org/obo/"
eco,"http://www.ebusiness-unibw.org/ontologies/eclass/5.1.4/#"
br,"http://vocab.deri.ie/br#"
visit,"http://purl.org/net/vocab/2004/07/visit#"
wai,"http://purl.org/wai#"
prefix,"http://prefix.cc/"
viaf,"http://viaf.org/ontology/1.1/#"
clinproc,"http://www.agfa.com/w3c/2009/clinicalProcedure#"
lod2,"http://lod2.eu/schema/"
rda,"http://www.rdaregistry.info/"
prvr,"http://purl.org/ontology/prv/rules#"
dnb,"http://d-nb.info/gnd/"
atomowl,"http://bblfish.net/work/atom-owl/2006-06-06/#"
hints2005,"http://purl.org/twc/cabig/model/HINTS2005-1.owl#"
cerif,"http://spi-fm.uca.es/neologism/cerif#"
xkos,"http://rdf-vocabulary.ddialliance.org/xkos#"
ann,"http://www.w3.org/2000/10/annotation-ns#"
ospost,"http://data.ordnancesurvey.co.uk/ontology/postcode/"
fise,"http://fise.iks-project.eu/ontology/"
cpm,"http://catalogus-professorum.org/cpm/"
environ,"http://eulersharp.sourceforge.net/2003/03swap/environment#"
spatial,"http://geovocab.org/spatial#"
sig,"http://purl.org/signature#"
oboe,"http://ecoinformatics.org/oboe/oboe.1.0/oboe-core.owl#"
tripfs2,"http://purl.org/tripfs/2010/06#"
isothes,"http://purl.org/iso25964/skos-thes#"
category,"http://dbpedia.org/resource/Category:"
pf,"http://jena.hpl.hp.com/ARQ/property#"
rating,"http://www.tvblob.com/ratings/#"
span,"http://www.ifomis.org/bfo/1.1/span#"
scowt,"http://purl.org/weso/ontologies/scowt#"
kdo,"http://kdo.render-project.eu/kdo#"
rlog,"http://persistence.uni-leipzig.org/nlp2rdf/ontologies/rlog#"
mpeg7,"http://rhizomik.net/ontologies/2005/03/Mpeg7-2001.owl#"
theatre,"http://purl.org/theatre#"
prog,"http://purl.org/prog/"
semtweet,"http://semantictweet.com/"
transmed,"http://www.w3.org/2001/sw/hcls/ns/transmed/"
arecipe,"http://purl.org/amicroformat/arecipe/"
aneo,"http://akonadi-project.org/ontologies/aneo#"
olia,"http://purl.org/olia/olia.owl#"
quantities,"http://eulersharp.sourceforge.net/2003/03swap/quantitiesExtension#"
efo,"http://www.ebi.ac.uk/efo/"
pom,"http://maven.apache.org/POM/4.0.0#"
oslc,"http://open-services.net/ns/core#"
igeo,"http://rdf.insee.fr/def/geo#"
eye,"http://jena.hpl.hp.com/Eyeball#"
mods,"http://www.loc.gov/mods/v3#"
htir,"http://www.w3.org/2011/http#"
ngeoi,"http://vocab.lenka.no/geo-deling#"
owltime,"http://www.w3.org/TR/owl-time#"
health,"http://purl.org/twc/health/vocab/"
p20,"http://zbw.eu/beta/p20/vocab/"
dtype,"http://www.linkedmodel.org/schema/dtype#"
wf,"http://www.w3.org/2005/01/wf/flow#"
example,"http://www.example.org/rdf#"
pav,"http://purl.org/pav/"
govtrackus,"http://www.rdfabout.com/rdf/usgov/geo/us/"
cogs,"http://vocab.deri.ie/cogs#"
arg,"http://rdfs.org/sioc/argument#"
no,"http://km.aifb.kit.edu/projects/numbers/number#"
cheminf,"http://www.semanticweb.org/ontologies/cheminf.owl#"
ccard,"http://purl.org/commerce/creditcard#"
owls,"http://www.daml.org/services/owl-s/1.2/Service.owl#"
ppo,"http://vocab.deri.ie/ppo#"
oac,"http://www.openannotation.org/ns/"
out,"http://ontologies.hypios.com/out#"
uco,"http://purl.org/uco/ns#"
aims,"http://aims.fao.org/aos/common/"
coo,"http://purl.org/coo/ns#"
dbc,"http://dbpedia.org/resource/Category:"
sioctypes,"http://rdfs.org/sioc/types#"
calli,"http://callimachusproject.org/rdf/2009/framework#"
kw,"http://kwantu.net/kw/"
bp,"http://open-services.net/ns/basicProfile#"
ogp,"http://ogp.me/ns#"
ens,"http://models.okkam.org/ENS-core-vocabulary.owl#"
bcnnorms,"http://datos.bcn.cl/ontologies/bcn-norms#"
tcga,"http://purl.org/tcga/core#"
agg,"http://purl.org/twc/health/vocab/aggregate/"
aapi,"http://rdf.alchemyapi.com/rdf/v1/s/aapi-schema#"
pos,"http://www.w3.org/2003/01/geo/wgs84_pos#"
asn,"http://purl.org/ASN/schema/core/"
d2r,"http://sites.wiwiss.fu-berlin.de/suhl/bizer/d2r-server/config.rdf#"
dbpo,"http://dbpedia.org/ontology/"
shv,"http://ns.aksw.org/spatialHierarchy/"
oax,"http://www.w3.org/ns/openannotation/extensions/"
pccz,"http://purl.org/procurement/public-contracts-czech#"
rdo,"http://purl.org/rdo/ns#"
mei,"http://www.music-encoding.org/ns/mei/"
func,"http://www.w3.org/2007/rif-builtin-function#"
gazetteer,"http://data.ordnancesurvey.co.uk/ontology/50kGazetteer/"
enhancer,"http://stanbol.apache.org/ontology/enhancer/enhancer#"
transit,"http://vocab.org/transit/terms/"
flow,"http://www.w3.org/2005/01/wf/flow#"
mtecore,"http://purl.org/olia/mte/multext-east.owl#"
wfdesc,"http://purl.org/wf4ever/wfdesc#"
diseasome,"http://www4.wiwiss.fu-berlin.de/diseasome/resource/diseasome/"
scsv,"http://purl.org/NET/schema-org-csv#"
aerols,"http://xmlns.com/aerols/0.1/"
ekaw,"http://data.semanticweb.org/conference/ekaw/2012/complete/"
lctr,"http://data.linkedct.org/vocab/resource/"
okg,"http://openknowledgegraph.org/ontology/"
pns,"http://data.press.net/ontology/stuff/"
rv,"http://wifo-ravensburg.de/semanticweb.rdf#"
pronom,"http://reference.data.gov.uk/technical-registry/"
rdarole,"http://rdvocab.info/roles/"
jita,"http://aims.fao.org/aos/jita/"
admssw,"http://purl.org/adms/sw/"
iso,"http://purl.org/iso25964/skos-thes#"
life,"http://life.deri.ie/schema/"
atomrdf,"http://atomowl.org/ontologies/atomrdf#"
bne,"http://datos.bne.es/resource/"
frir,"http://purl.org/twc/ontology/frir.owl#"
soap,"http://www.w3.org/2003/05/soap-envelope/"
saxon,"http://saxon.sf.net/"
frbrcore,"http://purl.org/vocab/frbr/core#"
xmls,"http://www.w3.org/2001/XMLSchema#"
pat,"http://purl.org/hpi/patchr#"
bd,"http://www.bigdata.com/rdf#"
qa,"http://www.mit.jyu.fi/ai/TRUST_Ontologies/QA.owl#"
artstor,"http://simile.mit.edu/2003/10/ontologies/artstor#"
wfprov,"http://purl.org/wf4ever/wfprov#"
dive,"http://scubadive.networld.to/dive.rdf#"
gxa,"http://www.ebi.ac.uk/gxa/"
ipad,"http://www.padinthecity.com/"
kupkb,"http://www.e-lico.eu/data/kupkb/"
poder,"http://poderopedia.com/vocab/"
teach,"http://linkedscience.org/teach/ns#"
wd,"http://www.wikidata.org/entity/"
npgx,"http://ns.nature.com/extensions/"
fcm,"http://eulersharp.sourceforge.net/2006/02swap/fcm#"
opmw,"http://www.opmw.org/ontology/"
oper,"http://sweet.jpl.nasa.gov/2.0/mathOperation.owl#"
blt,"http://www.bl.uk/schemas/bibliographic/blterms#"
l4a,"http://labels4all.info/ns/"
dcr,"http://www.isocat.org/ns/dcr.rdf#"
coeus,"http://bioinformatics.ua.pt/coeus/"
rec54,"http://www.w3.org/2001/02pd/rec54.rdf#"
set,"http://www.w3.org/2000/10/swap/set#"
rdfdf,"http://www.openlinksw.com/virtrdf-data-formats#"
marshall,"http://sites.google.com/site/xgmaitc/"
sql,"http://ns.inria.fr/ast/sql#"
germplasm,"http://purl.org/germplasm/terms#"
myprefix,"http://myprefix.org/"
osn,"http://spatial.ucd.ie/lod/osn/"
fct,"http://openlinksw.com/services/facets/1.0/"
disease,"http://www.agfa.com/w3c/2009/humanDisorder#"
greg,"http://kasei.us/about/foaf.xrdf#"
vivo,"http://vivoweb.org/ontology/core#"
pay,"http://reference.data.gov.uk/def/payment#"
fls,"http://lukasblaho.sk/football_league_schema#"
tmpl,"http://purl.org/restdesc/http-template#"
infosys,"http://www.infosys.com/"
eumida,"http://data.kasabi.com/dataset/eumida/terms/"
hcard,"http://purl.org/uF/hCard/terms/"
dt,"http://dbpedia.org/datatype/"
vaem,"http://www.linkedmodel.org/schema/vaem#"
nxp,"http://purl.org/nxp/schema/v1/"
iron,"http://purl.org/ontology/iron#"
sgv,"http://www.w3.org/TR/SVG/"
dssn,"http://purl.org/net/dssn/"
fl,"http://eulersharp.sourceforge.net/2003/03swap/fl-rules#"
fc,"http://www.freeclass.eu/freeclass_v1#"
campsite,"http://www.openlinksw.com/campsites/schema#"
xch,"http://oanda2rdf.appspot.com/xch/"
carfo,"http://purl.org/carfo#"
ncbitaxon,"http://purl.org/obo/owl/NCBITaxon#"
infection,"http://www.agfa.com/w3c/2009/infectiousDisorder#"
aersv,"http://aers.data2semantics.org/vocab/"
pol,"http://escience.rpi.edu/ontology/semanteco/2/0/pollution.owl#"
eseduc,"http://www.purl.org/ontologia/eseduc#"
cao,"http://purl.org/makolab/caont/"
genea,"http://www.owl-ontologies.com/generations.owl#"
prism21,"http://prismstandard.org/namespaces/basic/2.1/"
agrelon,"http://d-nb.info/standards/elementset/agrelon#"
recipe,"http://linkedrecipes.org/schema/"
hgnc,"http://bio2rdf.org/hgnc:"
gndo,"http://d-nb.info/standards/elementset/gnd#"
str,"http://nlp2rdf.lod2.eu/schema/string/"
osmsemnet,"http://spatial.ucd.ie/2012/08/osmsemnet/"
place,"http://purl.org/ontology/places/"
nytimes,"http://data.nytimes.com/elements/"
iao,"http://purl.obolibrary.org/obo/iao.owl#"
ms,"http://purl.org/obo/owl/MS#"
xlink,"http://www.w3.org/1999/xlink/"
sdgp,"http://stats.data-gov.ie/property/"
fingal,"http://vocab.deri.ie/fingal#"
rad,"http://www.w3.org/ns/rad#"
fd,"http://foodable.co/ns/"
gbv,"http://purl.org/ontology/gbv/"
hxl,"http://hxl.humanitarianresponse.info/ns/#"
omv,"http://omv.ontoware.org/2005/05/ontology#"
bing,"http://bing.com/schema/media/"
grs,"http://www.georss.org/georss/"
gvp,"http://vocab.getty.edu/ontology#"
s2s,"http://escience.rpi.edu/ontology/sesf/s2s/4/0/"
ends,"http://labs.mondeca.com/vocab/endpointStatus#"
dbyago,"http://dbpedia.org/class/yago/"
lodac,"http://lod.ac/ns/lodac#"
dsp,"http://purl.org/metainfo/terms/dsp#"
biordf,"http://purl.org/net/biordfmicroarray/ns#"
skiresort,"http://www.openlinksw.com/ski_resorts/schema#"
telix,"http://purl.org/telix#"
exterms,"http://www.example.org/terms/"
chebi,"http://bio2rdf.org/chebi:"
geom,"http://geovocab.org/geometry#"
tgn,"http://vocab.getty.edu/tgn/"
dpl,"http://dbpedialite.org/things/"
pne,"http://data.press.net/ontology/event/"
spif,"http://spinrdf.org/spif#"
wikipedia,"http://www.systemone.at/2006/03/wikipedia#"
lex,"http://purl.org/lex#"
r4ta,"http://ns.inria.fr/ratio4ta/v1#"
c4dm,"http://purl.org/NET/c4dm/event.owl#"
identity,"http://purl.org/twc/ontologies/identity.owl#"
intervals,"http://reference.data.gov.uk/def/intervals/"
wm,"http://ns.inria.fr/webmarks#"
mte,"http://nl.ijs.si/ME/owl/"
bcncon,"http://datos.bcn.cl/ontologies/bcn-congress#"
wscaim,"http://www.openk.org/wscaim.owl#"
cro,"http://rhizomik.net/ontologies/copyrightonto.owl#"
moby,"http://www.mygrid.org.uk/mygrid-moby-service#"
hg,"http://www.holygoat.co.uk/owl/redwood/0.1/tags/"
hifm,"http://purl.org/net/hifm/data#"
sem,"http://semanticweb.cs.vu.nl/2009/11/sem/"
rlno,"http://rdflivenews.aksw.org/ontology/"
sdmxa,"http://purl.org/linked-data/sdmx/2009/attribute#"
protegedc,"http://protege.stanford.edu/plugins/owl/dc/protege-dc.owl#"
cts2,"http://schema.omg.org/spec/CTS2/1.0/"
lr,"http://linkedrecipes.org/schema/"
frad,"http://iflastandards.info/ns/fr/frad/"
dis,"http://stanbol.apache.org/ontology/disambiguation/disambiguation#"
goef,"http://purl.org/twc/vocab/goef#"
frapo,"http://purl.org/cerif/frapo/"
wfm,"http://purl.org/net/wf-motifs#"
osp,"http://data.lirmm.fr/ontologies/osp#"
pkmn,"http://pokedex.dataincubator.org/pkm/"
wikterms,"http://wiktionary.dbpedia.org/terms/"
cis,"http://purl.org/NET/cloudisus#"
rssynd,"http://web.resource.org/rss/1.0/modules/syndication/"
wn20,"http://www.w3.org/2006/03/wn/wn20/"
np,"http://www.nanopub.org/nschema#"
osukdt,"http://www.ordnancesurvey.co.uk/ontology/Datatypes.owl#"
vcardx,"http://buzzword.org.uk/rdf/vcardx#"
orca,"http://geni-orca.renci.org/owl/topology.owl#"
daiaserv,"http://purl.org/ontology/daia/Service/"
open,"http://open.vocab.org/terms/"
rich,"http://rdf.data-vocabulary.org/"
sci,"http://data.scientology.org/ns/"
reve,"http://data.eurecom.fr/ontology/reve#"
crtv,"http://open-services.net/ns/crtv#"
dctypes,"http://purl.org/dc/dcmitype/"
lexvo,"http://lexvo.org/ontology#"
un,"http://www.w3.org/2007/ont/unit#"
ogorg,"http://opengraph.org/schema/"
oecd,"http://oecd.270a.info/dataset/"
laposte,"http://data.lirmm.fr/ontologies/laposte#"
steel,"http://ontorule-project.eu/resources/steel-30#"
tr,"http://www.thomsonreuters.com/"
ple,"http://pleiades.stoa.org/places/"
vsto,"http://escience.rpi.edu/ontology/vsto/2/0/vsto.owl#"
ub,"http://www.lehigh.edu/~zhp2/2004/0401/univ-bench.owl#"
qb4o,"http://purl.org/olap#"
sdmxdim,"http://purl.org/linked-data/sdmx/2009/dimension#"
re,"http://www.w3.org/2000/10/swap/reason#"
penn,"http://purl.org/olia/penn.owl#"
pna,"http://data.press.net/ontology/asset/"
city,"http://datos.localidata.com/def/City#"
occult,"http://data.totl.net/occult/"
w3con,"http://www.w3.org/2000/10/swap/pim/contact#"
npgd,"http://ns.nature.com/datasets/"
mime,"http://purl.org/NET/mediatypes/"
jjd,"http://www.joshuajeeson.com/"
wsc,"http://www.openk.org/wscaim.owl#"
vocab,"http://rdf.ontology2.com/vocab#"
eui,"http://institutions.publicdata.eu/#"
italy,"http://data.kasabi.com/dataset/italy/schema/"
lgv,"http://linkedgeodata.org/ontology/"
omapi,"http://purl.org/omapi/0.2/#"
curr,"https://w3id.org/cc#"
photoshop,"http://ns.adobe.com/photoshop/1.0/"
wl,"http://www.wsmo.org/ns/wsmo-lite#"
xt,"http://purl.org/twc/vocab/cross-topix#"
aigp,"http://swat.cse.lehigh.edu/resources/onto/aigp.owl#"
premis,"http://multimedialab.elis.ugent.be/users/samcoppe/ontologies/Premis/premis.owl#"
vsw,"http://verticalsearchworks.com/ontology/"
scufl2,"http://ns.taverna.org.uk/2010/scufl2#"
npgg,"http://ns.nature.com/graphs/"
wfs,"http://schemas.opengis.net/wfs/"
gesis,"http://lod.gesis.org/lodpilot/ALLBUS/vocab.rdf#"
dawgt,"http://www.w3.org/2001/sw/DataAccess/tests/test-dawg#"
cf,"http://mmisw.org/ont/cf/parameter/"
wapp,"http://ns.rww.io/wapp#"
overheid,"http://standaarden.overheid.nl/owms/"
aers,"http://aers.data2semantics.org/resource/"
geof,"http://www.opengis.net/def/function/geosparql/"
oarj,"http://opendepot.org/reference/linked/1.0/"
vcard2006,"http://www.w3.org/2006/vcard/ns#"
rdamedia,"http://rdvocab.info/termList/RDAMediaType/"
lldr,"http://purl.oclc.org/NET/lldr/ns#"
xsi,"http://www.w3.org/2001/XMLSchema-instance#"
webbox,"http://webbox.ecs.soton.ac.uk/ns#"
l4lod,"http://ns.inria.fr/l4lod/v2/"
qrl,"http://www.aifb.kit.edu/project/ld-retriever/qrl#"
ql,"http://www.w3.org/2004/ql#"
nuts,"http://nuts.psi.enakting.org/id/BE335/doc/"
puelia,"http://kwijibo.talis.com/vocabs/puelia#"
fos,"http://futurios.org/fos/spec/"
telmap,"http://purl.org/telmap/"
sso,"http://nlp2rdf.lod2.eu/schema/sso/"
tisc,"http://observedchange.com/tisc/ns#"
bcnbio,"http://datos.bcn.cl/ontologies/bcn-biographies#"
b2rpubchem,"http://bio2rdf.org/ns/ns/ns/pubchem#"
prf,"http://www.openmobilealliance.org/tech/profiles/UAPROF/ccppschema-20021212#"
ecpo,"http://purl.org/ontology/ecpo#"
voidp,"http://www.enakting.org/provenance/voidp/"
prviv,"http://purl.org/net/provenance/integrity#"
wp,"http://vocabularies.wikipathways.org/"
swpatho,"http://swpatho.ag-nbi.de/context/meta.owl#"
mil,"http://rdf.muninn-project.org/ontologies/military#"
r2rml,"http://www.w3.org/ns/r2rml#"
rdf123,"http://rdf123.umbc.edu/ns/"
bm,"http://bio2rdf.org/"
sf,"http://www.opengis.net/ont/sf#"
nsl,"http://purl.org/ontology/storyline/"
zoomaterms,"http://rdf.ebi.ac.uk/vocabulary/zooma/"
locwd,"http://purl.org/locwd/schema#"
sdo,"http://schema.org/"
vsws,"http://verticalsearchworks.com/ontology/synset#"
ecb,"http://ecb.270a.info/class/1.0/"
aos,"http://rdf.muninn-project.org/ontologies/appearances#"
bbc,"http://www.bbc.co.uk/ontologies/news/"
mohammad,"http://manesht.ir/"
eunis,"http://eunis.eea.europa.eu/rdf/species-schema.rdf#"
gfo,"http://www.onto-med.de/ontologies/gfo.owl#"
algo,"http://securitytoolbox.appspot.com/securityAlgorithms#"
cvbase,"http://purl.org/captsolo/resume-rdf/0.2/base#"
bcngeo,"http://datos.bcn.cl/ontologies/bcn-geographics#"
geofla,"http://data.ign.fr/ontologies/geofla#"
ulan,"http://vocab.getty.edu/ulan/"
wkd,"http://schema.wolterskluwer.de/"
dcm,"http://dcm.com/"
cdtype,"http://purl.org/cld/cdtype/"
rpubl,"http://rinfo.lagrummet.se/ns/2008/11/rinfo/publ#"
httpm,"http://www.w3.org/2011/http-methods#"
wiki,"http://en.wikipedia.org/wiki/"
visko,"http://trust.utep.edu/visko/ontology/visko-operator-v3.owl#"
rdacarrier,"http://rdvocab.info/termList/RDACarrierType/"
lh,"http://vocab.inf.ed.ac.uk/library/holdings#"
psh,"http://psh.techlib.cz/skos/"
qud,"http://qudt.org/1.1/schema/qudt#"
qvoc,"http://mlode.nlp2rdf.org/quranvocab#"
stac,"http://securitytoolbox.appspot.com/stac#"
geocontext,"http://www.geocontext.org/publ/2013/vocab#"
roterms,"http://purl.org/wf4ever/roterms#"
onssprel,"http://www.ordnancesurvey.co.uk/ontology/SpatialRelations/v0.2/SpatialRelations.owl#"
poste,"http://data.lirmm.fr/ontologies/poste#"
gawd,"http://gawd.atlantides.org/terms/"
geovocab,"http://geovocab.org/"
lib,"http://purl.org/library/"
dvia,"http://data.eurecom.fr/ontology/dvia#"
crv,"http://purl.org/twc/vocab/datacarver#"
uta,"http://uptheasset.org/ontology#"
locn,"http://www.w3.org/ns/locn#"
won,"http://purl.org/webofneeds/model#"
ds,"http://purl.org/ctic/dcat#"
water,"http://escience.rpi.edu/ontology/semanteco/2/0/water.owl#"
pingback,"http://purl.org/net/pingback/"
situ,"http://www.ontologydesignpatterns.org/cp/owl/situation.owl#"
oj,"http://ontojob.at/"
inno,"http://purl.org/innovation/ns#"
vdpp,"http://data.lirmm.fr/ontologies/vdpp#"
prolog,"http://eulersharp.sourceforge.net/2003/03swap/prolog#"
pam,"http://prismstandard.org/namespaces/pam/2.0/"
finlaw,"http://purl.org/finlex/schema/laki/"
ebu,"http://semantic.eurobau.com/eurobau-utility.owl#"
dbtont,"http://dbtropes.org/ont/"
vvo,"http://purl.org/vvo/ns#"
rdaw,"http://rdaregistry.info/Elements/w/"
owlse,"http://www.daml.org/services/owl-s/1.2/generic/Expression.owl#"
osr,"http://dati.senato.it/osr/"
ssso,"http://purl.org/ontology/ssso#"
iot,"http://www.linkedthings.com/iot/"
harrisons,"http://harrisons.cc/"
tvc,"http://www.essepuntato.it/2012/04/tvc/"
ludo,"http://vocab.ox.ac.uk/ludo#"
tblcard,"http://www.w3.org/People/Berners-Lee/card#"
vapour,"http://vapour.sourceforge.net/vocab.rdf#"
frbrer,"http://iflastandards.info/ns/fr/frbr/frbrer/"
rlnr,"http://rdflivenews.aksw.org/resource/"
fea,"http://vocab.data.gov/def/fea#"
wbc,"http://worldbank.270a.info/classification/"
w3po,"http://purl.org/provenance/w3p/w3po#"
mrel,"http://id.loc.gov/vocabulary/relators/"
refe,"http://orion.tw.rpi.edu/~xgmatwc/refe/"
conf,"http://richard.cyganiak.de/2007/pubby/config.rdf#"
cex,"http://purl.org/weso/computex/ontology#"
dcndl,"http://ndl.go.jp/dcndl/terms/"
role,"http://purl.org/vocab/participation/schema#"
namespaces,"https://vg.no/"
up,"http://users.ugent.be/~tdenies/up/"
stats,"http://purl.org/rdfstats/stats#"
centrifuge,"http://purl.org/twc/vocab/centrifuge#"
odcs,"http://opendata.cz/infrastructure/odcleanstore/"
rdacontent,"http://rdvocab.info/termList/RDAContentType/"
s3db,"http://www.s3db.org/core#"
prvt,"http://purl.org/net/provenance/types#"
strdf,"http://strdf.di.uoa.gr/ontology#"
wikidata,"http://www.wikidata.org/entity/"
viskov,"http://trust.utep.edu/visko/ontology/visko-view-v3.owl#"
opl,"http://openlinksw.com/schema/attribution#"
mads,"http://www.loc.gov/mads/rdf/v1#"
te,"http://www.w3.org/2006/time-entry#"
deo,"http://purl.org/spar/deo/"
pizza,"http://www.co-ode.org/ontologies/pizza/pizza.owl#"
alchemy,"http://rdf.alchemyapi.com/rdf/v1/s/aapi-schema#"
csm,"http://purl.org/csm/1.0#"
kbp,"http://tackbp.org/2013/ontology#"
roevo,"http://purl.org/wf4ever/roevo#"
pkgsrc,"http://pkgsrc.co/schema#"
swperson,"http://data.semanticweb.org/person/"
cb,"http://cbasewrap.ontologycentral.com/vocab#"
wi,"http://purl.org/ontology/wi/core#"
worldbank,"http://worldbank.270a.info/dataset/"
daisy,"http://www.daisy.org/z3998/2012/vocab/"
fincaselaw,"http://purl.org/finlex/schema/oikeus/"
pext,"http://www.ontotext.com/proton/protonext#"
wbp,"http://worldbank.270a.info/property/"
viskoo,"http://trust.utep.edu/visko/ontology/visko-operator-v3.owl#"
amalgame,"http://purl.org/vocabularies/amalgame#"
nyt,"http://data.nytimes.com/"
ec,"http://eulergui.sourceforge.net/contacts.owl.n3#"
frsad,"http://iflastandards.info/ns/fr/frsad/"
saif,"http://wwwiti.cs.uni-magdeburg.de/~srahman/"
part,"http://purl.org/vocab/participation/schema#"
dl,"http://ontology.ip.rm.cnr.it/ontologies/DOLCE-Lite#"
fcp,"http://www.newmedialab.at/fcp/"
xmp,"http://ns.adobe.com/xap/1.0/"
ctorg,"http://purl.org/ctic/infraestructuras/organizacion#"
rdafrbr,"http://rdvocab.info/uri/schema/FRBRentitiesRDA/"
comm,"http://vocab.resc.info/communication#"
sdmxd,"http://purl.org/linked-data/sdmx/2009/dimension#"
api,"http://purl.org/linked-data/api/vocab#"
graffle,"http://purl.org/twc/vocab/vsr/graffle#"
rdarel,"http://rdvocab.info/RDARelationshipsWEMI/"
emotion,"http://ns.inria.fr/emoca#"
dbptmpl,"http://dbpedia.org/resource/Template:"
camelot,"http://vocab.ox.ac.uk/camelot#"
pubmed,"http://bio2rdf.org/pubmed_vocabulary:"
radion,"http://www.w3.org/ns/radion#"
bibframe,"http://bibframe.org/vocab/"
particip,"http://purl.org/vocab/participation/schema#"
osspr,"http://data.ordnancesurvey.co.uk/ontology/spatialrelations/"
infor,"http://www.ontologydesignpatterns.org/cp/owl/informationrealization.owl#"
ogbd,"http://www.ogbd.fr/2012/ontologie#"
wsl,"http://www.wsmo.org/ns/wsmo-lite#"
wlo,"http://purl.org/ontology/wo/"
pso,"http://purl.org/spar/pso/"
stream,"http://dbpedia.org/ontology/Stream/"
vrank,"http://purl.org/voc/vrank#"
rdag1,"http://rdvocab.info/Elements/"
bsb,"http://lod.b3kat.de/title/"
mp,"http://jicamaro.info/mp#"
rdag3,"http://rdvocab.info/ElementsGr3/"
wf4ever,"http://purl.org/wf4ever/wf4ever#"
rdam,"http://rdaregistry.info/Elements/m/"
dbt,"http://dbpedia.org/resource/Template:"
osgeom,"http://data.ordnancesurvey.co.uk/ontology/geometry/"
who,"http://www.who.int/vocab/ontology#"
biotop,"http://purl.org/biotop/biotop.owl#"
cold,"http://purl.org/configurationontology#"
lcy,"http://purl.org/vocab/lifecycle/schema#"
twaapi,"http://purl.org/twc/vocab/aapi-schema#"
agls,"http://www.agls.gov.au/agls/terms/"
nidm,"http://nidm.nidash.org/"
dn,"http://purl.org/datanode/ns/"
olad,"http://openlad.org/vocab#"
gq,"http://genomequest.com/"
csp,"http://vocab.deri.ie/csp#"
rdac,"http://rdaregistry.info/Elements/c/"
ptop,"http://www.ontotext.com/proton/protontop#"
rdau,"http://rdaregistry.info/Elements/u/"
om,"http://opendata.caceres.es/def/ontomunicipio#"
itsmo,"http://ontology.it/itsmo/v1#"
cosmo,"http://purl.org/ontology/cosmo#"
emoca,"http://ns.inria.fr/emoca#"
drm,"http://vocab.data.gov/def/drm#"
rdfdata,"http://rdf.data-vocabulary.org/rdf.xml#"
mvco,"http://purl.oclc.org/NET/mvco.owl#"
doco,"http://purl.org/spar/doco/"
archdesc,"http://archdesc.info/archEvent#"
dqm,"http://purl.org/dqm-vocabulary/v1/dqm#"
scms,"http://ns.aksw.org/scms/annotations/"
delta,"http://www.w3.org/2004/delta#"
rdb,"http://www.dbs.cs.uni-duesseldorf.de/RDF/relational#"
ox,"http://vocab.ox.ac.uk/projectfunding#"
moac,"http://observedchange.com/moac/ns#"
odv,"http://reference.data.gov.uk/def/organogram/"
gnvc,"http://purl.org/gc/"
penis,"http://penis.to/#"
dcite,"http://purl.org/spar/datacite/"
pois,"http://purl.oclc.org/POIS/vcblr#"
geod,"http://vocab.lenka.no/geo-deling#"
biro,"http://purl.org/spar/biro/"
swpo,"http://sw-portal.deri.org/ontologies/swportal#"
oliasystem,"http://purl.org/olia/system.owl#"
cbase,"http://ontologycentral.com/2010/05/cb/vocab#"
ntag,"http://ns.inria.fr/nicetag/2010/09/09/voc#"
mocanal,"http://www.semanticweb.org/asow/ontologies/2013/9/untitled-ontology-36#"
accom,"http://purl.org/acco/ns#"
ostop,"http://www.ordnancesurvey.co.uk/ontology/Topography/v0.1/Topography.owl#"
osadm,"http://data.ordnancesurvey.co.uk/ontology/admingeo/"
odapp,"http://vocab.deri.ie/odapp#"
cpa,"http://www.ontologydesignpatterns.org/schemas/cpannotationschema.owl#"
oecc,"http://www.oegov.org/core/owl/cc#"
limoo,"http://purl.org/LiMo/0.1/"
lmm1,"http://www.ontologydesignpatterns.org/ont/lmm/LMM_L1.owl#"
ling,"http://purl.org/voc/ling/"
dcoid,"http://dx.deepcarbon.net/"
coun,"http://www.daml.org/2001/09/countries/iso-3166-ont#"
viso,"http://purl.org/viso/"
ontopic,"http://www.ontologydesignpatterns.org/ont/dul/ontopic.owl#"
icane,"http://www.icane.es/opendata/vocab#"
purl,"http://purl.org/dc/terms/"
meb,"http://rdf.myexperiment.org/ontologies/base/"
iol,"http://www.ontologydesignpatterns.org/ont/dul/IOLite.owl#"
ecos,"http://kmm.lboro.ac.uk/ecos/1.0#"
paia,"http://purl.org/ontology/paia#"
bwb,"http://doc.metalex.eu/bwb/ontology/"
muldicat,"http://iflastandards.info/ns/muldicat#"
gastro,"http://www.ebsemantics.net/gastro#"
msr,"http://www.telegraphis.net/ontology/measurement/measurement#"
lsc,"http://linkedscience.org/lsc/ns#"
mged,"http://mged.sourceforge.net/ontologies/MGEDOntology.owl#"
geosp,"http://rdf.geospecies.org/ont/geospecies#"
pwo,"http://purl.org/spar/pwo/"
lexcz,"http://purl.org/lex/cz#"
lmm2,"http://www.ontologydesignpatterns.org/ont/lmm/LMM_L2.owl#"
passim,"http://data.lirmm.fr/ontologies/passim#"
semio,"http://www.lingvoj.org/semio#"
hlygt,"http://www.holygoat.co.uk/owl/redwood/0.1/tags/"
dbpr,"http://dbpedia.org/resource/"
ep,"http://eprints.org/ontology/"
lingvo,"http://www.lingvoj.org/ontology#"
obsm,"http://rdf.geospecies.org/methods/observationMethod#"
xml,"http://www.w3.org/XML/1998/namespace/"
emp,"http://purl.org/ctic/empleo/oferta#"
quty,"http://www.telegraphis.net/ontology/measurement/quantity#"
article,"http://ogp.me/ns/article#"
elec,"http://purl.org/ctic/sector-publico/elecciones#"
turismo,"http://idi.fundacionctic.org/cruzar/turismo#"
mds,"http://doc.metalex.eu/id/"
ordf,"http://purl.org/NET/ordf/"
dr,"http://purl.org/swan/2.0/discourse-relationships/"
crsw,"http://courseware.rkbexplorer.com/ontologies/courseware#"
rdae,"http://rdaregistry.info/Elements/e/"
tw,"http://tw.rpi.edu/schema/"
onyx,"http://www.gsi.dit.upm.es/ontologies/onyx/ns#"
raul,"http://vocab.deri.ie/raul#"
tsioc,"http://rdfs.org/sioc/types#"
graves,"http://rdf.muninn-project.org/ontologies/graves#"
gadm,"http://gadm.geovocab.org/ontology#"
rso,"http://www.researchspace.org/ontology/"
spt,"http://spitfire-project.eu/ontology/ns/"
opmo,"http://openprovenance.org/model/opmo#"
oprovo,"http://openprovenance.org/ontology#"
seq,"http://www.ontologydesignpatterns.org/cp/owl/sequence.owl#"
tao,"http://vocab.deri.ie/tao#"
snarm,"http://rdf.myexperiment.org/ontologies/snarm/"
ecrm,"http://erlangen-crm.org/current/"
bihap,"http://bihap.kb.gov.tr/ontology/"
rdaa,"http://rdaregistry.info/Elements/a/"
gnm,"http://www.geonames.org/ontology/mappings/"
edgar,"http://edgarwrap.ontologycentral.com/vocab/edgar#"
tddo,"http://databugger.aksw.org/ns/core#"
coll,"http://purl.org/co/"
laabs,"http://dbpedia.org/resource/"
mm,"http://linkedmultimedia.org/sparql-mm/ns/1.0.0/function#"
tis,"http://www.ontologydesignpatterns.org/cp/owl/timeindexedsituation.owl#"
odpart,"http://www.ontologydesignpatterns.org/cp/owl/participation.owl#"
trait,"http://contextus.net/ontology/ontomedia/ext/common/trait#"
geosparql,"http://www.opengis.net/ont/geosparql#"
being,"http://purl.org/ontomedia/ext/common/being#"
kai,"http://kai.uni-kiel.de/"
op,"http://environment.data.gov.au/def/op#"
gcis,"http://data.globalchange.gov/gcis.owl#"
rdai,"http://rdaregistry.info/Elements/i/"
opencyc,"http://sw.opencyc.org/concept/"
geop,"http://aims.fao.org/aos/geopolitical.owl#"
app,"http://jmvanel.free.fr/ontology/software_applications.n3#"
cmd,"http://clarin.eu/cmd#"
erce,"http://xxefe.de/"
eurlex,"http://eur-lex.publicdata.eu/ontology/"
od,"http://purl.org/twc/vocab/opendap#"
bk,"http://www.provbook.org/ns/#"
mt,"http://www.w3.org/2001/sw/DataAccess/tests/test-manifest#"
evident,"http://purl.org/net/evident#"
lexinfo,"http://www.lexinfo.net/ontology/2.0/lexinfo#"
dbrc,"http://dbpedia.org/resource/Category:"
dpd,"http://www.kanzaki.com/ns/dpd#"
asgv,"http://aims.fao.org/aos/agrovoc/"
siocserv,"http://rdfs.org/sioc/services#"
pproc,"http://contsem.unizar.es/def/sector-publico/pproc#"
skos08,"http://www.w3.org/2008/05/skos#"
ftcontent,"http://www.ft.com/ontology/content/"
location,"http://sw.deri.org/2006/07/location/loc#"
provone,"http://purl.org/provone#"
mammal,"http://lod.taxonconcept.org/ontology/p01/Mammalia/index.owl#"
dbpedia2,"http://dbpedia.org/property/"
vgo,"http://purl.org/net/VideoGameOntology#"
li,"http://def.seegrid.csiro.au/isotc211/iso19115/2003/lineage#"
rdl,"http://data.posccaesar.org/rdl/"
cjr,"http://vocab.linkeddata.es/datosabiertos/def/urbanismo-infraestructuras/callejero#"
contsem,"http://contsem.unizar.es/def/sector-publico/contratacion#"
olac11,"http://www.language-archives.org/OLAC/1.1/"
my,"http://www.mobile.com/model/"
defns,"http://www.openarchives.org/OAI/2.0/"
soc,"http://purl.org/net/hdlipcores/ontology/soc#"
lfov,"https://w3id.org/legal_form#"
lime,"http://art.uniroma2.it/ontologies/lime#"
oplprod,"http://www.openlinksw.com/ontology/products#"
csv,"http://vocab.sindice.net/csv/"
agrd,"http://agrinepaldata.com/"
vin,"http://www.w3.org/TR/2003/PR-owl-guide-20031209/wine#"
wno,"http://wordnet-rdf.princeton.edu/ontology#"
pco,"http://purl.org/procurement/public-contracts#"
bco,"http://purl.obolibrary.org/obo/bco.owl#"
mb,"http://dbtune.org/musicbrainz/resource/instrument/"
gaf,"http://groundedannotationframework.org/"
travel,"http://www.co-ode.org/roberts/travel.owl#"
olac,"http://www.language-archives.org/OLAC/1.0/"
frb,"http://frb.270a.info/dataset/"
fao,"http://fao.270a.info/dataset/"
ru,"http://purl.org/imbi/ru-meta.owl#"
language,"http://id.loc.gov/vocabulary/iso639-1/"
omdoc,"http://omdoc.org/ontology/"
videogame,"http://purl.org/net/vgo#"
odrl,"http://www.w3.org/ns/odrl/2/"
origins,"http://origins.link/"
fbgeo,"http://rdf.freebase.com/ns/location/geocode/"
estrn,"http://vocab.linkeddata.es/datosabiertos/def/urbanismo-infraestructuras/transporte#"
ses,"http://lod.taxonconcept.org/ses/"
onisep,"http://rdf.onisep.fr/resource/"
lda,"http://purl.org/linked-data/api/vocab#"
metadata,"http://purl.oreilly.com/ns/meta/"
mmt,"http://linkedmultimedia.org/sparql-mm/functions/temporal#"
call,"http://webofcode.org/wfn/call:"
oh,"http://semweb.mmlab.be/ns/oh#"
pvcs,"http://purl.org/twc/vocab/pvcs#"
opllic,"http://www.openlinksw.com/ontology/licenses#"
sru,"http://www.loc.gov/zing/srw/"
cmdi,"http://www.clarin.eu/cmd/"
friends,"http://www.openarchives.org/OAI/2.0/friends/"
of,"http://owlrep.eu01.aws.af.cm/fridge#"
koly,"http://www.ensias.ma/"
wfn,"http://webofcode.org/wfn/"
estatwrap,"http://ontologycentral.com/2009/01/eurostat/ns#"
stanford,"http://purl.org/olia/stanford.owl#"
fp3,"http://vocab.fusepool.info/fp3#"
esadm,"http://vocab.linkeddata.es/datosabiertos/def/sector-publico/territorio#"
irsteaont,"http://ontology.irstea.fr/weather/ontology#"
lofv,"http://purl.org/legal_form/vocab#"
l2sp,"http://www.linked2safety-project.eu/properties/"
msm,"http://iserve.kmi.open.ac.uk/ns/msm#"
vext,"http://ldf.fi/void-ext#"
sad,"http://vocab.deri.ie/sad#"
uri4uri,"http://uri4uri.net/vocab#"
irstea,"http://ontology.irstea.fr/"
tavprov,"http://ns.taverna.org.uk/2012/tavernaprov/"
pic,"http://www.ipaw.info/ns/picaso#"
fcs,"http://clarin.eu/fcs/resource#"
ruto,"http://rdfunit.aksw.org/ns/core#"
lexicon,"http://www.example.org/lexicon#"
static,"http://vocab-ld.org/vocab/static-ld#"
pkm,"http://www.ontotext.com/proton/protonkm#"
babelnet,"http://babelnet.org/2.0/"
va,"http://code-research.eu/ontology/visual-analytics#"
sro,"http://salt.semanticauthoring.org/ontologies/sro#"
nxs,"http://www.neclimateus.org/"
employee,"http://www.employee.com/data#"
openskos,"http://openskos.org/xmlns#"
jp1,"http://rdf.muninn-project.org/ontologies/jp1/"
bag,"http://lod.geodan.nl/vocab/bag#"
diag,"http://www.loc.gov/zing/srw/diagnostic/"
imf,"http://imf.270a.info/dataset/"
vra,"http://simile.mit.edu/2003/10/ontologies/vraCore3#"
navm,"https://w3id.org/navigation_menu#"
oplacl,"http://www.openlinksw.com/ontology/acl#"
spdx,"http://spdx.org/rdf/terms#"
agro,"http://agrinepaldata.com/vocab/"
llo,"http://lodlaundromat.org/ontology/"
wikim,"http://spi-fm.uca.es/spdef/models/genericTools/wikim/1.0#"
topo,"http://data.ign.fr/def/topo#"
kml,"http://www.opengis.net/kml/2.2#"
xslopm,"http://purl.org/net/opmv/types/xslt#"
gtfs,"http://vocab.gtfs.org/terms#"
odapps,"http://semweb.mmlab.be/ns/odapps#"
whisky,"http://vocab.org/whisky/terms/"
fam,"http://vocab.fusepool.info/fam#"
dbug,"http://ontologi.es/doap-bugs#"
rvl,"http://purl.org/rvl/"
ll,"http://lodlaundromat.org/resource/"
plo,"http://purl.org/net/po#"
holding,"http://purl.org/ontology/holding#"
cmdm,"http://infra.clarin.eu/cmd/"
cl,"http://advene.org/ns/cinelab/"
wn30,"http://purl.org/vocabularies/princeton/wn30/"
thors,"http://resource.geosciml.org/ontology/timescale/thors#"
sam,"http://def.seegrid.csiro.au/isotc211/iso19156/2011/sampling#"
uis,"http://uis.270a.info/dataset/"
zr,"http://explain.z3950.org/dtd/2.0/"
oplres,"http://www.openlinksw.com/ontology/restrictions#"
unspsc,"http://ontoview.org/schema/unspsc/1#"
abs,"http://abs.270a.info/dataset/"
llm,"http://lodlaundromat.org/metrics/ontology/"
dogont,"http://elite.polito.it/ontologies/dogont.owl#"
dbcat,"http://dbpedia.org/resource/Category:"
voidext,"http://rdfs.org/ns/void-ext#"
dq,"http://def.seegrid.csiro.au/isotc211/iso19115/2003/dataquality#"
shex,"http://www.w3.org/2013/ShEx/ns#"
cdc,"http://www.contextdatacloud.org/resource/"
trig,"http://www.w3.org/2004/03/trix/rdfg-1/"
smg,"http://ns.cerise-project.nl/energy/def/cim-smartgrid#"
esaloj,"http://vocab.linkeddata.es/datosabiertos/def/turismo/alojamiento#"
parl,"http://reference.data.gov.uk/def/parliament/"
omnlife,"http://open-multinet.info/ontology/omn-lifecycle#"
ebucore,"http://www.ebu.ch/metadata/ontologies/ebucore/ebucore#"
qu,"http://purl.oclc.org/NET/ssnx/qu/qu#"
taxon,"http://purl.org/biodiversity/taxon/"
bis,"http://bis.270a.info/dataset/"
fma,"http://sig.uw.edu/fma#"
physo,"http://merlin.phys.uni.lodz.pl/onto/physo/physo.owl#"
tm,"http://def.seegrid.csiro.au/isotc211/iso19108/2002/temporal#"
rdarel2,"http://metadataregistry.org/uri/schema/RDARelationshipsGR2/"
xapi,"http://purl.org/xapi/ontology#"
geos,"http://www.telegraphis.net/ontology/geography/geography#"
naval,"http://rdf.muninn-project.org/ontologies/naval#"
wikimedia,"http://upload.wikimedia.org/wikipedia/commons/f/f6/"
roadmap,"http://mappings.roadmap.org/"
vmm,"http://spi-fm.uca.es/spdef/models/genericTools/vmm/1.0#"
psys,"http://www.ontotext.com/proton/protonsys#"
tac,"http://ns.bergnet.org/tac/0.1/triple-access-control#"
spfood,"http://kmi.open.ac.uk/projects/smartproducts/ontologies/food.owl#"
lmf,"http://www.lexinfo.net/lmf#"
ecc,"https://ns.eccenca.com/"
gf,"http://def.seegrid.csiro.au/isotc211/iso19109/2005/feature#"
citof,"http://www.essepuntato.it/2013/03/cito-functions#"
escjr,"http://vocab.linkeddata.es/datosabiertos/def/urbanismo-infraestructuras/callejero#"
pattern,"http://www.essepuntato.it/2008/12/pattern#"
geovoid,"http://purl.org/geovocamp/ontology/geovoid/"
sao,"http://salt.semanticauthoring.org/ontologies/sao#"
voidwh,"http://www.ics.forth.gr/isl/VoIDWarehouse/VoID_Extension_Schema.owl#"
hr,"http://iserve.kmi.open.ac.uk/ns/hrests#"
rdag2,"http://rdvocab.info/ElementsGr2/"
wro,"http://purl.org/net/wf4ever/ro#"
galaksiya,"http://ontoloji.galaksiya.com/vocab/"
pnc,"http://data.press.net/ontology/classification/"
oils,"http://lemon-model.net/oils#"
st,"http://semweb.mmlab.be/ns/stoptimes#"
ext,"http://def.seegrid.csiro.au/isotc211/iso19115/2003/extent#"
scip,"http://lod.taxonconcept.org/ontology/sci_people.owl#"
form,"http://deductions-software.com/ontologies/forms.owl.ttl#"
lc,"http://semweb.mmlab.be/ns/linkedconnections#"
mico,"http://www.mico-project.eu/ns/platform/1.0/schema#"
ilap,"http://data.posccaesar.org/ilap/"
security,"http://securitytoolbox.appspot.com/securityMain#"
guo,"http://purl.org/hpi/guo#"
sh,"http://www.w3.org/ns/shacl#"
odo,"http://ocean-data.org/schema/"
npdv,"http://sws.ifi.uio.no/vocab/npd#"
bbcprov,"http://www.bbc.co.uk/ontologies/provenance/"
oan,"http://data.lirmm.fr/ontologies/oan/"
nerd,"http://nerd.eurecom.fr/ontology#"
scoro,"http://purl.org/spar/scoro/"
bmo,"http://collection.britishmuseum.org/id/ontology/"
sbench,"http://swat.cse.lehigh.edu/onto/univ-bench.owl#"
reegle,"http://reegle.info/schema#"
pni,"http://data.press.net/ontology/identifier/"
basic,"http://def.seegrid.csiro.au/isotc211/iso19103/2005/basic#"
hdo,"http://www.samos.gr/ontologies/helpdeskOnto.owl#"
dicom,"http://purl.org/healthcarevocab/v1#"
gm,"http://def.seegrid.csiro.au/isotc211/iso19107/2003/geometry#"
lso,"http://linkedspending.aksw.org/ontology/"
ic,"http://imi.ipa.go.jp/ns/core/210#"
wn31,"http://wordnet-rdf.princeton.edu/wn31/"
keys,"http://purl.org/NET/c4dm/keys.owl#"
pnt,"http://data.press.net/ontology/tag/"
h2o,"http://def.seegrid.csiro.au/isotc211/iso19150/-2/2012/basic#"
bgn,"http://bibliograph.net/schemas/"
gts,"http://resource.geosciml.org/ontology/timescale/gts#"
stories,"http://purl.org/ontology/stories/"
aws,"http://purl.oclc.org/NET/ssnx/meteo/aws#"
bevon,"http://rdfs.co/bevon/"
mmf,"http://linkedmultimedia.org/sparql-mm/ns/1.0.0/function#"
ldr,"http://purl.oclc.org/NET/ldr/ns#"
ls,"http://linkedspending.aksw.org/instance/"
isocat,"http://www.isocat.org/datcat/"
maso,"http://securitytoolbox.appspot.com/MASO#"
ccrel,"http://creativecommons.org/ns#"
ignf,"http://data.ign.fr/def/ignf#"
ramon,"http://rdfdata.eionet.europa.eu/ramon/ontology/"
spcm,"http://spi-fm.uca.es/spdef/models/deployment/spcm/1.0#"
dcs,"http://ontologi.es/doap-changeset#"
doas,"http://deductions-software.com/ontologies/doas.owl.ttl#"
mmd,"http://musicbrainz.org/ns/mmd-1.0#"
oslo,"http://purl.org/oslo/ns/localgov#"
limo,"http://www.purl.org/limo-ontology/limo#"
as,"http://www.w3.org/ns/activitystreams#"
oplcert,"http://www.openlinksw.com/schemas/cert#"
swpm,"http://spi-fm.uca.es/spdef/models/deployment/swpm/1.0#"
sw,"http://linkedwidgets.org/statisticalwidget/ontology/"
oplcb,"http://www.openlinksw.com/schemas/crunchbase#"
oss,"http://opendata.caceres.es/def/ontosemanasanta#"
kegg,"http://bio2rdf.org/ns/kegg#"
acrt,"http://privatealpha.com/ontology/certification/1#"
xlime,"http://xlime-project.org/vocab/"
bgcat,"http://bg.dbpedia.org/resource/:"
nex,"http://www.nexml.org/2009/"
gpml,"http://vocabularies.wikipathways.org/gpml#"
shw,"http://paul.staroch.name/thesis/SmartHomeWeather.owl#"
bbccore,"http://www.bbc.co.uk/ontologies/coreconcepts/"
lpeu,"http://purl.org/linkedpolitics/vocabulary/eu/plenary/"
gov,"http://gov.genealogy.net/ontology.owl#"
itm,"http://spi-fm.uca.es/spdef/models/genericTools/itm/1.0#"
locah,"http://data.archiveshub.ac.uk/def/"
oad,"http://lod.xdams.org/reload/oad/"
lio,"http://purl.org/net/lio#"
bbccms,"http://www.bbc.co.uk/ontologies/cms/"
affymetrix,"http://bio2rdf.org/affymetrix_vocabulary:"
deps,"http://ontologi.es/doap-deps#"
hp,"http://pictogram.tokyo/vocabulary#"
dsn,"http://purl.org/dsnotify/vocab/eventset/"
dannet,"http://www.wordnet.dk/owl/instance/2009/03/instances/"
dpc,"http://hospee.org/ontologies/dpc/"
cpant,"http://purl.org/NET/cpan-uri/terms#"
gl,"http://schema.geolink.org/"
loted,"http://loted.eu/ontology#"
odrs,"http://schema.theodi.org/odrs#"
pod,"https://project-open-data.cio.gov/v1.1/schema/#"
date,"http://contextus.net/ontology/ontomedia/misc/date#"
oboinowl,"http://www.geneontology.org/formats/oboInOwl#"
bv,"http://purl.org/vocommons/bv#"
olca,"http://www.lingvoj.org/olca#"
rs,"http://spektrum.ctu.cz/ontologies/radio-spectrum#"
rvdata,"http://data.rvdata.us/"
bibrm,"http://vocab.ub.uni-leipzig.de/bibrm/"
rdacct,"http://rdaregistry.info/termList/CollTitle/"
opengov,"http://www.w3.org/opengov#"
oplmkt,"http://www.openlinksw.com/ontology/market#"
rmo,"http://eatld.et.tu-dresden.de/rmo#"
rdagd,"http://rdaregistry.info/termList/gender/"
religion,"http://rdf.muninn-project.org/ontologies/religion#"
yo,"http://yovisto.com/"
lemonuby,"http://lemon-model.net/lexica/uby/"
bner,"http://datos.bne.es/resource/"
d0,"http://ontologydesignpatterns.org/ont/wikipedia/d0.owl#"
rdamt,"http://rdaregistry.info/termList/RDAMediaType/"
rdapo,"http://rdaregistry.info/termList/RDAPolarity/"
pim,"http://www.w3.org/ns/pim/space#"
ecgl,"http://schema.geolink.org/"
wb,"http://data.worldbank.org/"
oplecrm,"http://www.openlinksw.com/ontology/ecrm#"
glview,"http://schema.geolink.org/dev/view/"
sakthi,"http://infotech.nitk.ac.in/research-scholars/sakthi-murugan-r/"
lsd,"http://linkedwidgets.org/statisticaldata/ontology/"
esequip,"http://vocab.linkeddata.es/datosabiertos/def/urbanismo-infraestructuras/equipamiento#"
caplibacl,"http://schemas.capita-libraries.co.uk/2015/acl/schema#"
rdarm,"http://registry.info/termList/recMedium/"
rdami,"http://rdaregistry.info/termList/modeIssue/"
clirio,"http://clirio.kaerle.com/clirio.owl#"
ontosec,"http://www.semanticweb.org/ontologies/2008/11/OntologySecurity.owl#"
rdaemm,"http://rdaregistry.info/termList/emulsionMicro/"
condition,"http://www.kinjal.com/condition:"
seas,"http://purl.org/NET/seas#"
ldvm,"http://linked.opendata.cz/ontology/ldvm/"
xcql,"http://docs.oasis-open.org/ns/search-ws/xcql#"
rdafr,"http://rdaregistry.info/termList/frequency/"
bgdbp,"http://bg.dbpedia.org/property/"
ljkl,"http://teste.com/"
rdabm,"http://rdaregistry.info/termList/RDABaseMaterial/"
dicera,"http://semweb.mmlab.be/ns/dicera#"
bridge,"http://purl.org/vocommons/bridge#"
rdacc,"http://rdaregistry.info/termList/RDAColourContent/"
vidont,"http://vidont.org/"
ecglview,"http://schema.geolink.org/view/"
onc,"http://www.ics.forth.gr/isl/oncm/core#"
rdaftn,"http://rdaregistry.info/termList/TacNotation/"
rdact,"http://rdaregistry.info/termList/RDACarrierType/"
rdatc,"http://rdaregistry.info/termList/trackConfig/"
shoah,"http://dati.cdec.it/lod/shoah/"
escom,"http://vocab.linkeddata.es/datosabiertos/def/comercio/tejidoComercial#"
rdafs,"http://rdaregistry.info/termList/fontSize/"
c9d,"http://purl.org/twc/vocab/conversion/"
foo,"http://filmontology.org/ontology/1.0/"
esco,"http://data.europa.eu/esco/model#"
oae,"http://www.ics.forth.gr/isl/oae/core#"
xrd,"http://docs.oasis-open.org/ns/xri/xrd-1.0#"
omnfed,"http://open-multinet.info/ontology/omn-federation#"
ev,"http://www.w3.org/2001/xml-events/"
chembl,"http://rdf.ebi.ac.uk/terms/chembl#"
lcdr,"http://ns.lucid-project.org/revision/"
espresup,"http://vocab.linkeddata.es/datosabiertos/def/hacienda/presupuestos#"
rdafnv,"http://rdaregistry.info/termList/noteForm/"
lw,"http://linkedwidgets.org/ontologies/"
rdagrp,"http://rdaregistry.info/termList/groovePitch/"
rdafmn,"http://rdaregistry.info/termList/MusNotation/"
rdagw,"http://rdaregistry.info/termList/grooveWidth/"
rdaco,"http://rdaregistry.info/termList/RDAContentType/"
rdafnm,"http://rdaregistry.info/termList/FormNoteMus/"
ha,"http://sensormeasurement.appspot.com/ont/home/homeActivity#"
rdarr,"http://rdaregistry.info/termList/RDAReductionRatio/"
emtr,"http://purl.org/NET/ssnext/electricmeters#"
eccrev,"https://vocab.eccenca.com/revision/"
oxi,"http://omerxi.com/ontologies/core.owl.ttl#"
company,"http://intellimind.io/ns/company#"
owsom,"https://onlinesocialmeasures.wordpress.com/"
san,"http://www.irit.fr/recherches/MELODI/ontologies/SAN.owl#"
eurostat,"http://wifo5-04.informatik.uni-mannheim.de/eurostat/resource/eurostat/"
insdc,"http://ddbj.nig.ac.jp/ontologies/sequence#"
bnf,"http://www.w3.org/2000/10/swap/grammar/bnf#"
rdasco,"http://rdaregistry.info/termList/soundCont/"
rdasoi,"http://rdaregistry.info/termList/statIdentification/"
bgdbr,"http://bg.dbpedia.org/resource/"
vacseen1,"http://www.semanticweb.org/parthasb/ontologies/2014/6/vacseen1/"
changeset,"http://purl.org/vocab/changeset/schema#"
rdapmt,"http://rdaregistry.info/termList/prodTactile/"
rdatr,"http://rdaregistry.info/termList/typeRec/"
rdabf,"http://rdaregistry.info/termList/bookFormat/"
verb,"http://w3id.org/verb/"
lden,"http://www.linklion.org/lden/"
bn,"http://babelnet.org/rdf/"
fdbp,"http://fr.dbpedia.org/property/"
ncit,"http://ncicb.nci.nih.gov/xml/owl/EVS/Thesaurus.owl#"
cpsv,"http://purl.org/vocab/cpsv#"
traffic,"http://www.sensormeasurement.appspot.com/ont/transport/traffic#"
lindt,"http://purl.org/NET/lindt#"
lawd,"http://lawd.info/ontology/"
saws,"http://purl.org/saws/ontology#"
um,"http://intelleo.eu/ontologies/user-model/ns/"
beth,"http://www.google.com/"
faldo,"http://biohackathon.org/resource/faldo#"
tadirah,"http://tadirah.dariah.eu/vocab/"
vag,"http://www.essepuntato.it/2013/10/vagueness/"
hasneto,"http://hadatac.org/ont/hasneto#"
bfo,"http://www.ifomis.org/bfo/1.1#"
rml,"http://semweb.mmlab.be/ns/rml#"
ubiq,"http://server.ubiqore.com/ubiq/core#"
phdd,"http://rdf-vocabulary.ddialliance.org/phdd#"
vstoi,"http://hadatac.org/ont/vstoi#"
rdaz,"http://rdaregistry.info/Elements/z/"
oml,"http://def.seegrid.csiro.au/ontology/om/om-lite#"
lmx,"http://www.w3.org/XML/1998/namespace/"
mtlo,"http://www.ics.forth.gr/isl/MarineTLO/v4/marinetlo.owl#"
td5,"http://td5.org/#"
quantity,"http://qudt.org/schema/quantity#"
webservice,"http://www.openlinksw.com/ontology/webservices#"
decision,"https://decision-ontology.googlecode.com/svn/trunk/decision.owl#"
fnabox,"http://www.ontologydesignpatterns.org/ont/framenet/abox/"
faq,"http://www.openlinksw.com/ontology/faq#"
esdir,"http://vocab.linkeddata.es/datosabiertos/def/urbanismo-infraestructuras/direccionPostal#"
odbc,"http://www.openlinksw.com/ontology/odbc#"
d2d,"http://rdfns.org/d2d/"
uneskos,"http://purl.org/voc/uneskos#"
llont,"http://www.linklion.org/ontology#"
mexcore,"http://mex.aksw.org/mex-core#"
imind,"http://schema.intellimind.ns/symbology#"
piero,"http://reactionontology.org/piero/"
mbgd,"http://mbgd.genome.ad.jp/owl/mbgd.owl#"
ops,"http://vocabularies.bridgedb.org/ops#"
cbo,"http://comicmeta.org/cbo/"
rofer,"http://rdaregistry.info/termList/rofer/"
bsym,"http://bsym.bloomberg.com/sym/"
remetca,"http://www.purl.org/net/remetca#"
sct,"http://snomed.info/sct/"
jerm,"http://www.mygrid.org.uk/ontology/JERMOntology#"
figigii,"http://www.omg.org/spec/FIGI/GlobalInstrumentIdentifiers/"
incident,"http://vocab.resc.info/incident#"
cwork,"http://www.bbc.co.uk/ontologies/creativework/"
mexv,"http://mex.aksw.org/mex-algo#"
ofrd,"http://purl.org/opdm/refrigerator#"
daq,"http://purl.org/eis/vocab/daq#"
essglobal,"http://purl.org/essglobal/vocab/v1.0/"
rofch,"http://rdaregistry.info/termList/rofch/"
mexalgo,"http://mex.aksw.org/mex-algo#"
lheo,"http://www.conjecto.com/ontology/2015/lheo#"
cart,"http://purl.org/net/cartCoord#"
eclap,"http://www.eclap.eu/schema/eclap/"
cff,"http://purl.oclc.org/NET/ssnx/cf/cf-feature#"
cwl,"https://w3id.org/cwl/cwl#"
proms,"http://promsns.org/def/proms#"
rofem,"http://rdaregistry.info/termList/rofem/"
aktivesa,"http://sa.aktivespace.org/ontologies/aktivesa#"
lsqv,"http://lsq.aksw.org/vocab#"
esapar,"http://vocab.linkeddata.es/datosabiertos/def/urbanismo-infraestructuras/aparcamiento#"
rfd,"http://com.intrinsec//ontology#"
airs,"https://raw.githubusercontent.com/airs-linked-data/lov/latest/src/airs_vocabulary.ttl#"
luc,"http://www.ontotext.com/owlim/lucene#"
rofrm,"http://rdaregistry.info/termList/rofrm/"
geojson,"http://ld.geojson.org/vocab#"
demlab,"http://www.demcare.eu/ontologies/demlab.owl#"
dm2e,"http://onto.dm2e.eu/schemas/dm2e/"
gont,"https://gont.ch/"
r4r,"http://guava.iis.sinica.edu.tw/r4r/"
rofet,"http://rdaregistry.info/termList/rofet/"
rgml,"http://purl.org/puninj/2001/05/rgml-schema#"
vocnet,"http://schema.vocnet.org/"
swcomp,"https://github.com/ali1k/ld-reactor/blob/master/vocabulary/index.ttl#"
newsevents,"http://www.aifb.uni-karlsruhe.de/WBS/uhe/ontologies#"
itcat,"http://th-brandenburg.de/ns/itcat#"
rofrr,"http://rdaregistry.info/termList/rofrr/"
crmdig,"http://www.ics.forth.gr/isl/CRMext/CRMdig.rdfs/"
rofit,"http://rdaregistry.info/termList/rofit/"
frame,"http://www.ontologydesignpatterns.org/ont/framenet/abox/frame/"
lgdt,"http://linkedgeodata.org/triplify/"
gist,"http://ontologies.semanticarts.com/gist#"
rofid,"http://rdaregistry.info/termList/rofid/"
isbdu,"http://iflastandards.info/ns/isbd/unc/elements/"
orgesv2,"http://datos.gob.es/sites/default/files/OntologiaDIR3/orges.owl#"
rofhf,"http://rdaregistry.info/termList/rofhf/"
edgarcik,"http://edgarwrap.ontologycentral.com/cik/"
orges,"http://datos.gob.es/def/sector-publico/organizacion#"
estrf,"http://vocab.linkeddata.es/datosabiertos/def/transporte/trafico#"
fe,"http://www.ontologydesignpatterns.org/ont/framenet/abox/fe/"
rofim,"http://rdaregistry.info/termList/rofim/"
lu,"http://www.ontologydesignpatterns.org/ont/framenet/abox/lu/"
lgdm,"http://linkedgeodata.org/meta/"
amsl,"http://vocab.ub.uni-leipzig.de/amsl/"
sdshare,"http://www.sdshare.org/2012/extension/"
minim,"http://purl.org/minim/minim#"
fluidops,"http://www.fluidops.com/"
rofin,"http://rdaregistry.info/termList/rofin/"
data,"http://data.odw.tw/"
dgfr,"http://colin.maudry.com/ontologies/dgfr#"
tix,"http://toptix.com/2010/esro/"
mexperf,"http://mex.aksw.org/mex-perf#"
scor,"http://purl.org/eis/vocab/scor#"
orth,"http://purl.jp/bio/11/orth#"
vf,"https://w3id.org/valueflows/"
csvw,"http://www.w3.org/ns/csvw#"
voc,"http://voc.odw.tw/"
ns1,"http://www.w3.org/1999/xhtml/vocab#"
rofrt,"http://rdaregistry.info/termList/rofrt/"
rofsm,"http://rdaregistry.info/termList/rofsm/"
ogc,"http://www.opengis.net/ont/geosparql#"
ost,"http://w3id.org/ost/ns#"
puml,"http://plantuml.com/ontology#"
auto,"http://auto.schema.org/"
moo,"http://www.movieontology.org/2009/11/09/movieontology.owl#"
door,"http://kannel.open.ac.uk/ontology#"
rofsf,"http://rdaregistry.info/termList/rofsf/"
fntbox,"http://www.ontologydesignpatterns.org/ont/framenet/tbox/"
mv,"http://eccenca.com/mobivoc/"
eccauth,"https://vocab.eccenca.com/auth/"
valueflows,"https://w3id.org/valueflows/"
efd,"http://data.foodanddrinkeurope.eu/ontology#"
oplweb,"http://www.openlinksw.com/schemas/oplweb#"
srx,"http://www.w3.org/2005/sparql-results#"
rut,"http://rdfunit.aksw.org/ns/core#"
csdbp,"http://cs.dbpedia.org/"
pid,"http://permid.org/ontology/organization/"
text,"http://jena.apache.org/text#"
lswmo,"http://ontology.cybershare.utep.edu/ELSEWeb/elseweb-modelling.owl#"
uby,"http://purl.org/olia/ubyCat.owl#"
pcit,"http://public-contracts.nexacenter.org/id/propertiesRole/"
odw,"http://odw.tw/"
ali,"http://www.niso.org/schemas/ali/1.0/"
dsv,"http://purl.org/iso25964/DataSet/Versioning#"
eccdi,"https://vocab.eccenca.com/di/"
cue,"http://www.clarin.eu/cmdi/cues/display/1.0#"
ideotalex,"http://www.ideotalex.eu/datos/recurso/"
